timestamp,elapsed_min,cpu_perc,mem_usage_mb,mem_limit_mb,mem_perc,net_io,block_io
2025-12-16 13:35:01,0,18.59,56.9,7837.7,0.73,1.51MB / 387kB,9.68MB / 61.4kB
2025-12-16 13:35:18,0,10.39,57.04,7837.7,0.73,3.26MB / 815kB,9.68MB / 61.4kB
2025-12-16 13:35:34,0,6.40,57.14,7837.7,0.73,5.02MB / 1.25MB,9.68MB / 61.4kB
2025-12-16 13:35:50,0,13.07,57.24,7837.7,0.73,6.99MB / 1.74MB,9.68MB / 61.4kB
2025-12-16 13:36:07,1,14.38,57.3,7837.7,0.73,8.84MB / 2.2MB,9.68MB / 61.4kB
2025-12-16 13:36:24,1,11.11,57.35,7837.7,0.73,10.9MB / 2.7MB,9.68MB / 61.4kB
2025-12-16 13:36:42,1,10.95,57.42,7837.7,0.73,12.8MB / 3.18MB,9.68MB / 61.4kB
2025-12-16 13:37:00,1,7.80,57.47,7837.7,0.73,14.7MB / 3.67MB,9.68MB / 61.4kB
2025-12-16 13:37:18,2,9.05,57.52,7837.7,0.73,16.6MB / 4.13MB,9.68MB / 61.4kB
2025-12-16 13:37:33,2,11.84,58.51,7837.7,0.75,18.4MB / 4.59MB,9.68MB / 61.4kB
2025-12-16 13:37:51,2,17.85,55.63,7837.7,0.71,20.5MB / 5.11MB,10.3MB / 299kB
2025-12-16 13:38:11,3,10.74,55.69,7837.7,0.71,22.3MB / 5.57MB,10.3MB / 299kB
2025-12-16 13:38:28,3,10.29,55.5,7837.7,0.71,24.1MB / 6.02MB,10.3MB / 299kB
2025-12-16 13:38:45,3,10.83,55.56,7837.7,0.71,26MB / 6.48MB,10.3MB / 299kB
2025-12-16 13:39:02,4,15.40,55.62,7837.7,0.71,27.9MB / 6.96MB,10.3MB / 299kB
2025-12-16 13:39:19,4,11.19,55.68,7837.7,0.71,29.9MB / 7.48MB,10.3MB / 299kB
2025-12-16 13:39:38,4,9.16,55.73,7837.7,0.71,31.6MB / 7.91MB,10.3MB / 299kB
2025-12-16 13:39:53,4,12.49,55.79,7837.7,0.71,33.5MB / 8.39MB,10.3MB / 299kB
2025-12-16 13:40:10,5,13.94,55.85,7837.7,0.71,35.3MB / 8.84MB,10.3MB / 299kB
2025-12-16 13:40:27,5,13.08,55.89,7837.7,0.71,37.2MB / 9.32MB,10.3MB / 299kB
2025-12-16 13:40:44,5,15.93,55.95,7837.7,0.71,38.9MB / 9.76MB,10.3MB / 299kB
2025-12-16 13:41:01,6,13.05,56.02,7837.7,0.71,41MB / 10.3MB,10.3MB / 299kB
2025-12-16 13:41:20,6,14.86,54.22,7837.7,0.69,43MB / 10.8MB,10.3MB / 311kB
2025-12-16 13:41:37,6,7.99,54.29,7837.7,0.69,44.8MB / 11.2MB,10.3MB / 311kB
2025-12-16 13:41:54,6,9.89,54.34,7837.7,0.69,46.6MB / 11.7MB,10.3MB / 311kB
2025-12-16 13:42:11,7,13.75,54.39,7837.7,0.69,48.5MB / 12.2MB,10.3MB / 311kB
2025-12-16 13:42:26,7,12.56,54.46,7837.7,0.69,50.4MB / 12.6MB,10.3MB / 311kB
2025-12-16 13:42:45,7,11.32,54.53,7837.7,0.70,52.3MB / 13.1MB,10.3MB / 311kB
2025-12-16 13:43:01,8,12.79,54.57,7837.7,0.70,54.1MB / 13.5MB,10.3MB / 324kB
2025-12-16 13:43:18,8,9.14,54.63,7837.7,0.70,56MB / 14MB,10.3MB / 324kB
2025-12-16 13:43:34,8,9.96,54.68,7837.7,0.70,57.8MB / 14.5MB,10.3MB / 324kB
2025-12-16 13:43:52,8,9.07,54.73,7837.7,0.70,59.7MB / 14.9MB,10.3MB / 324kB
2025-12-16 13:44:09,9,15.49,54.82,7837.7,0.70,61.6MB / 15.4MB,10.3MB / 324kB
2025-12-16 13:44:25,9,9.95,54.85,7837.7,0.70,63.5MB / 15.9MB,10.3MB / 324kB
2025-12-16 13:44:43,9,16.68,54.91,7837.7,0.70,65.4MB / 16.4MB,10.3MB / 324kB
2025-12-16 13:45:00,9,9.44,54.99,7837.7,0.70,67.2MB / 16.8MB,10.3MB / 324kB
2025-12-16 13:45:16,10,9.11,55.05,7837.7,0.70,69.1MB / 17.3MB,10.3MB / 324kB
2025-12-16 13:45:34,10,7.34,55.11,7837.7,0.70,71MB / 17.8MB,10.3MB / 324kB
2025-12-16 13:45:51,10,12.35,57.89,7837.7,0.74,73MB / 18.3MB,10.3MB / 999kB
2025-12-16 13:46:09,11,10.89,57.21,7837.7,0.73,74.8MB / 18.7MB,10.3MB / 1.57MB
2025-12-16 13:46:26,11,13.19,56.89,7837.7,0.73,76.7MB / 19.2MB,11.5MB / 3.1MB
2025-12-16 13:46:42,11,10.40,56.06,7837.7,0.72,78.4MB / 19.6MB,11.5MB / 4.16MB
2025-12-16 13:46:58,11,12.14,54,7837.7,0.69,80.3MB / 20.1MB,11.5MB / 6.25MB
2025-12-16 13:47:15,12,9.44,51.07,7837.7,0.65,82.1MB / 20.6MB,11.5MB / 9.24MB
2025-12-16 13:47:31,12,9.53,49.51,7837.7,0.63,84MB / 21MB,11.5MB / 11.2MB
2025-12-16 13:47:48,12,11.08,49.14,7837.7,0.63,85.8MB / 21.5MB,11.5MB / 11.2MB
2025-12-16 13:48:04,13,13.57,49.46,7837.7,0.63,87.6MB / 21.9MB,11.5MB / 11.2MB
2025-12-16 13:48:21,13,19.43,49.26,7837.7,0.63,89.6MB / 22.4MB,11.5MB / 11.2MB
2025-12-16 13:48:39,13,11.62,49.3,7837.7,0.63,91.5MB / 22.9MB,11.5MB / 11.2MB
2025-12-16 13:48:56,13,9.23,49.36,7837.7,0.63,93.3MB / 23.4MB,11.5MB / 11.2MB
2025-12-16 13:49:12,14,13.28,49.41,7837.7,0.63,95.2MB / 23.9MB,11.5MB / 11.2MB
2025-12-16 13:49:30,14,14.62,49.47,7837.7,0.63,97.1MB / 24.3MB,11.5MB / 11.2MB
2025-12-16 13:49:46,14,18.09,49.4,7837.7,0.63,99MB / 24.8MB,11.5MB / 11.7MB
2025-12-16 13:50:04,15,18.48,47.51,7837.7,0.61,101MB / 25.3MB,11.5MB / 13.6MB
2025-12-16 13:50:21,15,9.55,45.34,7837.7,0.58,103MB / 25.7MB,11.5MB / 15.9MB
2025-12-16 13:50:37,15,9.97,43.24,7837.7,0.55,104MB / 26.2MB,11.5MB / 18.3MB
2025-12-16 13:50:53,15,15.84,41.61,7837.7,0.53,106MB / 26.6MB,11.5MB / 20MB
2025-12-16 13:51:10,16,12.48,39.46,7837.7,0.50,108MB / 27.1MB,11.5MB / 22.4MB
2025-12-16 13:51:26,16,14.43,34.25,7837.7,0.44,110MB / 27.6MB,11.5MB / 23.5MB
2025-12-16 13:51:44,16,15.31,34.31,7837.7,0.44,112MB / 28.1MB,11.5MB / 23.5MB
2025-12-16 13:52:00,16,10.91,34.37,7837.7,0.44,114MB / 28.5MB,11.5MB / 23.5MB
2025-12-16 13:52:17,17,11.24,34.42,7837.7,0.44,116MB / 29MB,11.5MB / 23.5MB
2025-12-16 13:52:33,17,13.34,34.48,7837.7,0.44,118MB / 29.5MB,11.5MB / 23.5MB
2025-12-16 13:52:50,17,12.21,34.53,7837.7,0.44,119MB / 29.9MB,11.5MB / 23.5MB
2025-12-16 13:53:06,18,13.16,34.59,7837.7,0.44,121MB / 30.4MB,11.5MB / 23.5MB
2025-12-16 13:53:23,18,17.88,35.14,7837.7,0.45,123MB / 30.8MB,11.5MB / 23.5MB
2025-12-16 13:53:39,18,13.12,33.96,7837.7,0.43,125MB / 31.3MB,11.5MB / 24.5MB
2025-12-16 13:53:56,18,10.71,33.25,7837.7,0.42,127MB / 31.8MB,11.5MB / 25.3MB
2025-12-16 13:54:13,19,15.48,32.06,7837.7,0.41,129MB / 32.2MB,11.5MB / 26.6MB
2025-12-16 13:54:30,19,13.28,30.82,7837.7,0.39,130MB / 32.7MB,11.5MB / 27.6MB
2025-12-16 13:54:47,19,15.48,30.3,7837.7,0.39,132MB / 33.2MB,11.5MB / 28.2MB
2025-12-16 13:55:03,20,11.62,29.77,7837.7,0.38,134MB / 33.6MB,11.5MB / 28.8MB
2025-12-16 13:55:19,20,10.99,29.18,7837.7,0.37,136MB / 34.1MB,12MB / 29.8MB
2025-12-16 13:55:37,20,19.79,27.98,7837.7,0.36,138MB / 34.6MB,12MB / 31.1MB
2025-12-16 13:55:54,20,17.95,27.4,7837.7,0.35,140MB / 35MB,12MB / 31.5MB
2025-12-16 13:56:11,21,22.72,26.86,7837.7,0.34,142MB / 35.5MB,12MB / 32.5MB
2025-12-16 13:56:30,21,16.98,25.91,7837.7,0.33,143MB / 36MB,12MB / 33.6MB
2025-12-16 13:56:47,21,15.04,24.96,7837.7,0.32,145MB / 36.5MB,12MB / 34.1MB
2025-12-16 13:57:03,22,10.53,25.03,7837.7,0.32,147MB / 36.9MB,12MB / 34.1MB
2025-12-16 13:57:20,22,11.33,25.32,7837.7,0.32,149MB / 37.4MB,12MB / 34.1MB
2025-12-16 13:57:35,22,12.19,25.13,7837.7,0.32,151MB / 37.8MB,12MB / 34.1MB
2025-12-16 13:57:52,22,12.30,25.18,7837.7,0.32,152MB / 38.3MB,12MB / 34.1MB
2025-12-16 13:58:08,23,12.27,25.24,7837.7,0.32,154MB / 38.7MB,12MB / 34.1MB
2025-12-16 13:58:26,23,12.51,25.31,7837.7,0.32,156MB / 39.2MB,12MB / 34.1MB
2025-12-16 13:58:43,23,13.93,25.36,7837.7,0.32,158MB / 39.7MB,12MB / 34.1MB
2025-12-16 13:59:00,23,9.43,21.49,7837.7,0.27,160MB / 40.2MB,12MB / 37.4MB
2025-12-16 13:59:19,24,11.71,20.68,7837.7,0.26,162MB / 40.7MB,12MB / 38.2MB
2025-12-16 13:59:37,24,15.80,20.47,7837.7,0.26,164MB / 41.2MB,12MB / 38.7MB
2025-12-16 13:59:54,24,12.67,20.03,7837.7,0.26,166MB / 41.7MB,12MB / 39.3MB
2025-12-16 14:00:11,25,7.66,19.6,7837.7,0.25,168MB / 42.1MB,12MB / 39.5MB
2025-12-16 14:00:28,25,7.63,19.66,7837.7,0.25,170MB / 42.6MB,12MB / 39.5MB
2025-12-16 14:00:46,25,11.40,19.71,7837.7,0.25,172MB / 43.1MB,12MB / 39.8MB
2025-12-16 14:01:02,26,6.98,19.77,7837.7,0.25,174MB / 43.5MB,12MB / 39.8MB
2025-12-16 14:01:19,26,6.18,19.42,7837.7,0.25,175MB / 44MB,12MB / 39.8MB
2025-12-16 14:01:35,26,12.18,19.49,7837.7,0.25,177MB / 44.5MB,12MB / 39.8MB
2025-12-16 14:01:52,26,7.18,19.55,7837.7,0.25,179MB / 44.9MB,12MB / 39.8MB
2025-12-16 14:02:08,27,5.61,19.61,7837.7,0.25,181MB / 45.4MB,12MB / 39.8MB
2025-12-16 14:02:24,27,9.74,19.68,7837.7,0.25,183MB / 45.9MB,12MB / 39.8MB
2025-12-16 14:02:43,27,5.58,19.71,7837.7,0.25,185MB / 46.4MB,12MB / 39.8MB
2025-12-16 14:02:59,27,5.70,20.03,7837.7,0.26,187MB / 46.8MB,12MB / 39.8MB
2025-12-16 14:03:16,28,7.76,19.83,7837.7,0.25,189MB / 47.3MB,12MB / 39.8MB
2025-12-16 14:03:34,28,6.92,19.89,7837.7,0.25,191MB / 47.8MB,12MB / 39.8MB
2025-12-16 14:03:50,28,7.25,19.94,7837.7,0.25,193MB / 48.2MB,12MB / 39.8MB
2025-12-16 14:04:07,29,8.17,20,7837.7,0.26,195MB / 48.7MB,12MB / 39.8MB
2025-12-16 14:04:24,29,13.16,20.06,7837.7,0.26,196MB / 49.2MB,12MB / 39.8MB
2025-12-16 14:04:42,29,8.43,20.17,7837.7,0.26,198MB / 49.7MB,12.1MB / 39.8MB
2025-12-16 14:04:59,29,5.79,20.2,7837.7,0.26,200MB / 50.1MB,12.1MB / 39.8MB
2025-12-16 14:05:18,30,6.43,20.26,7837.7,0.26,202MB / 50.6MB,12.1MB / 39.8MB
2025-12-16 14:05:35,30,9.41,20.32,7837.7,0.26,204MB / 51.1MB,12.1MB / 39.8MB
2025-12-16 14:05:51,30,6.50,20.38,7837.7,0.26,206MB / 51.5MB,12.1MB / 39.8MB
2025-12-16 14:06:08,31,5.99,20.43,7837.7,0.26,208MB / 52MB,12.1MB / 39.8MB
2025-12-16 14:06:23,31,4.07,20.49,7837.7,0.26,210MB / 52.4MB,12.1MB / 39.8MB
2025-12-16 14:06:40,31,5.66,20.54,7837.7,0.26,212MB / 52.9MB,12.1MB / 39.8MB
2025-12-16 14:06:57,31,7.50,20.61,7837.7,0.26,213MB / 53.4MB,12.1MB / 39.8MB
2025-12-16 14:07:13,32,4.74,20.65,7837.7,0.26,215MB / 53.8MB,12.1MB / 39.8MB
2025-12-16 14:07:29,32,9.13,20.94,7837.7,0.27,217MB / 54.2MB,12.1MB / 39.8MB
2025-12-16 14:07:49,32,4.87,20.75,7837.7,0.26,219MB / 54.6MB,12.1MB / 39.8MB
2025-12-16 14:08:06,33,5.86,20.79,7837.7,0.27,220MB / 55.1MB,12.1MB / 39.8MB
2025-12-16 14:08:22,33,6.08,21.12,7837.7,0.27,222MB / 55.5MB,12.1MB / 39.8MB
2025-12-16 14:08:41,33,5.95,20.93,7837.7,0.27,224MB / 56MB,12.1MB / 39.8MB
2025-12-16 14:08:58,33,5.92,21,7837.7,0.27,226MB / 56.5MB,12.1MB / 39.8MB
2025-12-16 14:09:14,34,4.09,21.07,7837.7,0.27,228MB / 57MB,12.1MB / 39.8MB
2025-12-16 14:09:31,34,5.56,21.13,7837.7,0.27,230MB / 57.5MB,12.1MB / 39.8MB
2025-12-16 14:09:49,34,4.43,21.19,7837.7,0.27,232MB / 57.9MB,12.1MB / 39.8MB
2025-12-16 14:10:04,35,6.83,21.49,7837.7,0.27,234MB / 58.4MB,12.1MB / 39.8MB
2025-12-16 14:10:21,35,4.89,21.29,7837.7,0.27,236MB / 58.8MB,12.1MB / 39.8MB
2025-12-16 14:10:38,35,6.13,21.36,7837.7,0.27,238MB / 59.3MB,12.1MB / 39.8MB
2025-12-16 14:10:55,35,4.08,21.41,7837.7,0.27,239MB / 59.8MB,12.1MB / 39.8MB
2025-12-16 14:11:10,36,8.37,21.46,7837.7,0.27,241MB / 60.2MB,12.1MB / 39.8MB
2025-12-16 14:11:26,36,8.45,21.51,7837.7,0.27,243MB / 60.6MB,12.1MB / 39.8MB
2025-12-16 14:11:41,36,6.74,21.56,7837.7,0.28,245MB / 61MB,12.1MB / 39.8MB
2025-12-16 14:11:57,36,9.95,21.63,7837.7,0.28,247MB / 61.5MB,12.1MB / 39.8MB
2025-12-16 14:12:13,37,4.95,21.93,7837.7,0.28,248MB / 61.9MB,12.1MB / 39.8MB
2025-12-16 14:12:29,37,9.20,21.73,7837.7,0.28,250MB / 62.4MB,12.1MB / 39.8MB
2025-12-16 14:12:45,37,4.55,21.79,7837.7,0.28,252MB / 62.8MB,12.1MB / 39.8MB
2025-12-16 14:13:01,38,6.15,21.85,7837.7,0.28,254MB / 63.2MB,12.1MB / 39.8MB
2025-12-16 14:13:16,38,5.92,21.89,7837.7,0.28,256MB / 63.7MB,12.1MB / 39.8MB
2025-12-16 14:13:32,38,4.41,21.95,7837.7,0.28,257MB / 64.2MB,12.1MB / 39.8MB
2025-12-16 14:13:49,38,5.88,22,7837.7,0.28,259MB / 64.6MB,12.1MB / 39.8MB
2025-12-16 14:14:05,39,9.25,22.06,7837.7,0.28,261MB / 65.1MB,12.1MB / 39.8MB
2025-12-16 14:14:22,39,5.54,22.12,7837.7,0.28,263MB / 65.5MB,12.1MB / 39.8MB
2025-12-16 14:14:38,39,9.63,22.18,7837.7,0.28,265MB / 66MB,12.1MB / 39.8MB
2025-12-16 14:14:54,39,8.08,22.23,7837.7,0.28,267MB / 66.4MB,12.1MB / 39.8MB
2025-12-16 14:15:11,40,10.58,22.29,7837.7,0.28,269MB / 66.9MB,12.1MB / 39.8MB
2025-12-16 14:15:27,40,6.96,22.34,7837.7,0.29,271MB / 67.4MB,12.1MB / 39.8MB
2025-12-16 14:15:44,40,9.12,22.4,7837.7,0.29,272MB / 67.8MB,12.1MB / 39.8MB
2025-12-16 14:16:01,41,8.37,22.46,7837.7,0.29,274MB / 68.3MB,12.1MB / 39.8MB
2025-12-16 14:16:17,41,10.34,22.53,7837.7,0.29,276MB / 68.8MB,12.1MB / 39.8MB
2025-12-16 14:16:34,41,10.64,22.56,7837.7,0.29,278MB / 69.2MB,12.1MB / 39.8MB
2025-12-16 14:16:50,41,5.43,22.62,7837.7,0.29,280MB / 69.7MB,12.1MB / 39.8MB
2025-12-16 14:17:05,42,4.49,22.67,7837.7,0.29,282MB / 70.1MB,12.1MB / 39.8MB
2025-12-16 14:17:21,42,4.93,22.72,7837.7,0.29,284MB / 70.5MB,12.1MB / 39.8MB
2025-12-16 14:17:37,42,9.62,22.77,7837.7,0.29,285MB / 71MB,12.1MB / 39.8MB
2025-12-16 14:17:53,42,5.08,22.83,7837.7,0.29,287MB / 71.4MB,12.1MB / 39.8MB
2025-12-16 14:18:09,43,9.98,22.89,7837.7,0.29,289MB / 71.9MB,12.1MB / 39.8MB
2025-12-16 14:18:26,43,7.20,23.19,7837.7,0.30,291MB / 72.3MB,12.1MB / 39.8MB
2025-12-16 14:18:42,43,8.50,23,7837.7,0.29,293MB / 72.8MB,12.1MB / 39.8MB
2025-12-16 14:18:59,43,6.51,23.06,7837.7,0.29,295MB / 73.3MB,12.1MB / 39.8MB
2025-12-16 14:19:16,44,9.72,23.11,7837.7,0.29,297MB / 73.7MB,12.1MB / 39.8MB
2025-12-16 14:19:32,44,7.34,23.17,7837.7,0.30,299MB / 74.2MB,12.1MB / 39.8MB
2025-12-16 14:19:48,44,4.83,23.23,7837.7,0.30,300MB / 74.7MB,12.1MB / 39.8MB
2025-12-16 14:20:04,45,5.81,23.28,7837.7,0.30,302MB / 75.1MB,12.1MB / 39.8MB
2025-12-16 14:20:21,45,6.35,23.33,7837.7,0.30,304MB / 75.6MB,12.1MB / 39.8MB
2025-12-16 14:20:37,45,5.72,23.39,7837.7,0.30,306MB / 76MB,12.1MB / 39.8MB
2025-12-16 14:20:54,45,4.97,23.46,7837.7,0.30,308MB / 76.5MB,12.1MB / 39.8MB
2025-12-16 14:21:10,46,6.02,23.5,7837.7,0.30,310MB / 76.9MB,12.1MB / 39.8MB
2025-12-16 14:21:25,46,8.95,23.55,7837.7,0.30,311MB / 77.4MB,12.1MB / 39.8MB
2025-12-16 14:21:42,46,9.07,23.62,7837.7,0.30,313MB / 77.8MB,12.1MB / 39.8MB
2025-12-16 14:21:58,46,7.47,23.67,7837.7,0.30,315MB / 78.3MB,12.1MB / 39.8MB
2025-12-16 14:22:14,47,6.47,23.71,7837.7,0.30,317MB / 78.7MB,12.1MB / 39.8MB
2025-12-16 14:22:31,47,6.20,23.77,7837.7,0.30,319MB / 79.2MB,12.1MB / 39.8MB
2025-12-16 14:22:47,47,5.74,23.83,7837.7,0.30,321MB / 79.7MB,12.1MB / 39.8MB
2025-12-16 14:23:04,48,6.03,23.9,7837.7,0.30,323MB / 80.1MB,12.1MB / 39.8MB
2025-12-16 14:23:20,48,5.55,23.94,7837.7,0.31,325MB / 80.6MB,12.1MB / 39.8MB
2025-12-16 14:23:36,48,7.60,24.02,7837.7,0.31,326MB / 81MB,12.1MB / 39.8MB
2025-12-16 14:23:52,48,11.08,24.06,7837.7,0.31,328MB / 81.5MB,12.1MB / 39.8MB
2025-12-16 14:24:08,49,9.04,24.11,7837.7,0.31,330MB / 81.9MB,12.1MB / 39.8MB
2025-12-16 14:24:24,49,9.43,24.16,7837.7,0.31,332MB / 82.4MB,12.1MB / 39.8MB
2025-12-16 14:24:40,49,7.14,24.23,7837.7,0.31,334MB / 82.9MB,12.1MB / 39.8MB
2025-12-16 14:25:00,49,7.36,24.28,7837.7,0.31,336MB / 83.4MB,12.1MB / 39.8MB
2025-12-16 14:25:16,50,13.55,24.33,7837.7,0.31,338MB / 83.8MB,12.1MB / 39.8MB
2025-12-16 14:25:33,50,6.49,24.39,7837.7,0.31,340MB / 84.3MB,12.1MB / 39.8MB
2025-12-16 14:25:49,50,6.86,24.44,7837.7,0.31,342MB / 84.7MB,12.1MB / 39.8MB
2025-12-16 14:26:05,51,5.44,24.49,7837.7,0.31,343MB / 85.2MB,12.1MB / 39.8MB
2025-12-16 14:26:20,51,6.30,24.55,7837.7,0.31,345MB / 85.6MB,12.1MB / 39.8MB
2025-12-16 14:26:36,51,9.56,24.63,7837.7,0.31,347MB / 86MB,12.1MB / 39.8MB
2025-12-16 14:26:52,51,10.56,24.66,7837.7,0.31,349MB / 86.5MB,12.1MB / 39.8MB
2025-12-16 14:27:09,52,6.49,24.72,7837.7,0.32,351MB / 87MB,12.1MB / 39.8MB
2025-12-16 14:27:25,52,15.45,24.77,7837.7,0.32,353MB / 87.4MB,12.1MB / 39.8MB
2025-12-16 14:27:42,52,22.34,24.82,7837.7,0.32,354MB / 87.9MB,12.1MB / 39.8MB
2025-12-16 14:28:00,52,9.03,24.89,7837.7,0.32,356MB / 88.4MB,12.1MB / 39.8MB
2025-12-16 14:28:16,53,8.17,25.18,7837.7,0.32,358MB / 88.8MB,12.1MB / 39.8MB
2025-12-16 14:28:32,53,8.55,24.99,7837.7,0.32,360MB / 89.3MB,12.1MB / 39.8MB
2025-12-16 14:28:51,53,7.46,25.05,7837.7,0.32,362MB / 89.8MB,12.1MB / 39.8MB
2025-12-16 14:29:07,54,9.52,25.11,7837.7,0.32,364MB / 90.2MB,12.1MB / 39.8MB
2025-12-16 14:29:24,54,12.72,25.18,7837.7,0.32,366MB / 90.7MB,12.1MB / 39.8MB
2025-12-16 14:29:42,54,9.80,25.22,7837.7,0.32,368MB / 91.2MB,12.1MB / 39.8MB
2025-12-16 14:29:58,54,7.59,25.27,7837.7,0.32,369MB / 91.6MB,12.1MB / 39.8MB
2025-12-16 14:30:14,55,6.62,25.33,7837.7,0.32,371MB / 92.1MB,12.1MB / 39.8MB
2025-12-16 14:30:29,55,12.35,25.39,7837.7,0.32,373MB / 92.5MB,12.1MB / 39.8MB
2025-12-16 14:30:46,55,6.91,25.44,7837.7,0.32,375MB / 93MB,12.1MB / 39.8MB
2025-12-16 14:31:02,56,7.43,25.5,7837.7,0.33,377MB / 93.5MB,12.1MB / 39.8MB
2025-12-16 14:31:20,56,6.66,25.55,7837.7,0.33,379MB / 93.9MB,12.1MB / 39.8MB
2025-12-16 14:31:37,56,6.36,25.61,7837.7,0.33,381MB / 94.4MB,12.1MB / 39.8MB
2025-12-16 14:31:54,56,10.49,25.65,7837.7,0.33,382MB / 94.8MB,12.1MB / 39.8MB
2025-12-16 14:32:09,57,9.54,25.7,7837.7,0.33,384MB / 95.3MB,12.1MB / 39.8MB
2025-12-16 14:32:25,57,9.06,25.76,7837.7,0.33,386MB / 95.8MB,12.1MB / 39.8MB
2025-12-16 14:32:43,57,6.55,25.83,7837.7,0.33,388MB / 96.2MB,12.1MB / 39.8MB
2025-12-16 14:33:01,58,6.43,26.15,7837.7,0.33,390MB / 96.7MB,12.1MB / 39.8MB
2025-12-16 14:33:17,58,5.71,25.95,7837.7,0.33,392MB / 97.2MB,12.1MB / 39.8MB
2025-12-16 14:33:33,58,9.31,26.01,7837.7,0.33,394MB / 97.6MB,12.1MB / 39.8MB
2025-12-16 14:33:51,58,7.78,26.07,7837.7,0.33,396MB / 98.1MB,12.1MB / 39.8MB
2025-12-16 14:34:07,59,6.78,26.12,7837.7,0.33,397MB / 98.6MB,12.1MB / 39.8MB
2025-12-16 14:34:23,59,6.38,26.17,7837.7,0.33,399MB / 99MB,12.1MB / 39.8MB
2025-12-16 14:34:40,59,6.08,26.26,7837.7,0.34,401MB / 99.5MB,12.1MB / 39.8MB
2025-12-16 14:34:57,59,6.39,26.32,7837.7,0.34,403MB / 100MB,12.1MB / 39.8MB
2025-12-16 14:35:13,60,8.27,26.37,7837.7,0.34,405MB / 100MB,12.1MB / 39.8MB
2025-12-16 14:35:30,60,7.72,26.43,7837.7,0.34,407MB / 101MB,12.1MB / 39.8MB
2025-12-16 14:35:47,60,10.76,26.49,7837.7,0.34,409MB / 101MB,12.1MB / 39.8MB
2025-12-16 14:36:04,61,18.75,26.81,7837.7,0.34,411MB / 102MB,12.1MB / 39.8MB
2025-12-16 14:36:22,61,15.51,26.61,7837.7,0.34,413MB / 102MB,12.1MB / 39.8MB
2025-12-16 14:36:41,61,5.61,26.66,7837.7,0.34,415MB / 103MB,12.1MB / 39.8MB
2025-12-16 14:36:59,61,7.83,26.71,7837.7,0.34,417MB / 103MB,12.1MB / 39.8MB
2025-12-16 14:37:16,62,9.67,26.77,7837.7,0.34,418MB / 104MB,12.1MB / 39.8MB
2025-12-16 14:37:33,62,17.83,26.83,7837.7,0.34,420MB / 104MB,12.1MB / 39.8MB
2025-12-16 14:37:50,62,11.53,26.88,7837.7,0.34,422MB / 105MB,12.1MB / 39.8MB
2025-12-16 14:38:10,63,15.57,26.93,7837.7,0.34,424MB / 105MB,12.1MB / 39.8MB
2025-12-16 14:38:27,63,8.48,26.98,7837.7,0.34,426MB / 106MB,12.1MB / 39.8MB
2025-12-16 14:38:45,63,34.70,27.05,7837.7,0.35,428MB / 106MB,12.1MB / 39.8MB
2025-12-16 14:39:02,64,7.03,27.11,7837.7,0.35,430MB / 107MB,12.1MB / 39.8MB
2025-12-16 14:39:20,64,12.40,27.17,7837.7,0.35,432MB / 107MB,12.1MB / 39.8MB
2025-12-16 14:39:36,64,7.29,27.22,7837.7,0.35,434MB / 108MB,12.1MB / 39.8MB
2025-12-16 14:39:52,64,9.39,27.28,7837.7,0.35,435MB / 108MB,12.1MB / 39.8MB
2025-12-16 14:40:09,65,8.35,27.34,7837.7,0.35,437MB / 109MB,12.1MB / 39.8MB
2025-12-16 14:40:25,65,12.66,27.4,7837.7,0.35,439MB / 109MB,12.1MB / 39.8MB
2025-12-16 14:40:43,65,21.98,27.47,7837.7,0.35,441MB / 109MB,12.2MB / 39.8MB
2025-12-16 14:40:59,65,10.17,27.53,7837.7,0.35,443MB / 110MB,12.2MB / 39.8MB
2025-12-16 14:41:16,66,11.51,27.58,7837.7,0.35,445MB / 110MB,12.2MB / 39.8MB
2025-12-16 14:41:31,66,7.30,27.64,7837.7,0.35,447MB / 111MB,12.2MB / 39.8MB
2025-12-16 14:41:48,66,6.08,27.73,7837.7,0.35,448MB / 111MB,12.2MB / 39.8MB
2025-12-16 14:42:05,67,13.28,27.78,7837.7,0.35,450MB / 112MB,12.2MB / 39.8MB
2025-12-16 14:42:21,67,11.27,27.84,7837.7,0.36,452MB / 112MB,12.2MB / 39.8MB
2025-12-16 14:42:38,67,12.12,27.9,7837.7,0.36,454MB / 113MB,12.2MB / 39.8MB
2025-12-16 14:42:54,67,11.16,27.95,7837.7,0.36,456MB / 113MB,12.2MB / 39.8MB
2025-12-16 14:43:12,68,8.14,28.01,7837.7,0.36,458MB / 114MB,12.2MB / 39.8MB
2025-12-16 14:43:28,68,8.68,28.05,7837.7,0.36,460MB / 114MB,12.2MB / 39.8MB
2025-12-16 14:43:45,68,8.27,28.62,7837.7,0.37,462MB / 115MB,12.2MB / 39.8MB
2025-12-16 14:44:01,69,8.01,28.16,7837.7,0.36,464MB / 115MB,12.2MB / 39.8MB
2025-12-16 14:44:17,69,8.83,28.23,7837.7,0.36,465MB / 115MB,12.2MB / 39.8MB
2025-12-16 14:44:34,69,17.39,28.29,7837.7,0.36,467MB / 116MB,12.2MB / 39.8MB
2025-12-16 14:44:53,69,10.42,28.34,7837.7,0.36,469MB / 116MB,12.2MB / 39.8MB
2025-12-16 14:45:11,70,13.47,28.39,7837.7,0.36,471MB / 117MB,12.2MB / 39.8MB
2025-12-16 14:45:27,70,9.18,28.45,7837.7,0.36,473MB / 117MB,12.2MB / 39.8MB
2025-12-16 14:45:43,70,7.80,28.5,7837.7,0.36,475MB / 118MB,12.2MB / 39.8MB
2025-12-16 14:46:01,71,7.27,28.55,7837.7,0.36,477MB / 118MB,12.2MB / 39.8MB
2025-12-16 14:46:16,71,10.84,28.61,7837.7,0.37,479MB / 119MB,12.2MB / 39.8MB
2025-12-16 14:46:33,71,8.77,28.66,7837.7,0.37,480MB / 119MB,12.2MB / 39.8MB
2025-12-16 14:46:50,71,13.79,28.73,7837.7,0.37,482MB / 120MB,12.2MB / 39.8MB
2025-12-16 14:47:07,72,10.38,28.79,7837.7,0.37,484MB / 120MB,12.2MB / 39.8MB
2025-12-16 14:47:24,72,9.34,28.88,7837.7,0.37,486MB / 121MB,12.2MB / 39.8MB
2025-12-16 14:47:41,72,6.12,28.91,7837.7,0.37,488MB / 121MB,12.2MB / 39.8MB
2025-12-16 14:47:56,72,10.07,28.96,7837.7,0.37,490MB / 122MB,12.2MB / 39.8MB
2025-12-16 14:48:13,73,7.51,29.02,7837.7,0.37,492MB / 122MB,12.2MB / 39.8MB
2025-12-16 14:48:30,73,5.36,29.08,7837.7,0.37,494MB / 122MB,12.2MB / 39.8MB
2025-12-16 14:48:47,73,8.20,29.13,7837.7,0.37,496MB / 123MB,12.2MB / 39.8MB
2025-12-16 14:49:04,74,13.24,29.18,7837.7,0.37,497MB / 123MB,12.2MB / 39.8MB
2025-12-16 14:49:22,74,15.69,29.24,7837.7,0.37,499MB / 124MB,12.2MB / 39.8MB
2025-12-16 14:49:38,74,17.11,29.29,7837.7,0.37,501MB / 124MB,12.2MB / 39.8MB
2025-12-16 14:49:55,74,13.84,27.92,7837.7,0.36,503MB / 125MB,12.2MB / 39.8MB
2025-12-16 14:50:11,75,11.21,27.98,7837.7,0.36,505MB / 125MB,12.2MB / 39.8MB
2025-12-16 14:50:27,75,7.39,28.04,7837.7,0.36,507MB / 126MB,12.2MB / 39.8MB
2025-12-16 14:50:45,75,19.06,28.09,7837.7,0.36,509MB / 126MB,12.2MB / 39.8MB
2025-12-16 14:51:03,76,9.87,28.16,7837.7,0.36,511MB / 127MB,12.2MB / 39.8MB
2025-12-16 14:51:21,76,11.14,28.2,7837.7,0.36,512MB / 127MB,12.2MB / 39.8MB
2025-12-16 14:51:37,76,11.26,28.5,7837.7,0.36,514MB / 128MB,12.4MB / 39.8MB
2025-12-16 14:51:54,76,8.61,28.56,7837.7,0.36,516MB / 128MB,12.4MB / 39.8MB
2025-12-16 14:52:13,77,8.02,28.62,7837.7,0.37,518MB / 129MB,12.4MB / 39.8MB
2025-12-16 14:52:30,77,6.88,28.67,7837.7,0.37,520MB / 129MB,12.4MB / 39.8MB
2025-12-16 14:52:46,77,5.82,28.73,7837.7,0.37,522MB / 130MB,12.4MB / 39.8MB
2025-12-16 14:53:03,78,6.56,28.79,7837.7,0.37,524MB / 130MB,12.4MB / 39.8MB
2025-12-16 14:53:20,78,12.06,28.86,7837.7,0.37,526MB / 131MB,12.4MB / 39.8MB
2025-12-16 14:53:37,78,9.12,28.9,7837.7,0.37,528MB / 131MB,12.4MB / 39.8MB
2025-12-16 14:53:54,78,11.47,28.98,7837.7,0.37,530MB / 131MB,12.4MB / 39.8MB
2025-12-16 14:54:10,79,11.47,29.03,7837.7,0.37,531MB / 132MB,12.4MB / 39.8MB
2025-12-16 14:54:27,79,15.02,29.08,7837.7,0.37,533MB / 132MB,12.4MB / 39.8MB
2025-12-16 14:54:46,79,6.03,29.13,7837.7,0.37,536MB / 133MB,12.4MB / 39.8MB
2025-12-16 14:55:03,80,15.77,29.19,7837.7,0.37,537MB / 133MB,12.4MB / 39.8MB
2025-12-16 14:55:21,80,6.90,29.25,7837.7,0.37,539MB / 134MB,12.4MB / 39.8MB
2025-12-16 14:55:38,80,13.39,29.3,7837.7,0.37,541MB / 134MB,12.4MB / 39.8MB
2025-12-16 14:55:55,80,10.26,29.35,7837.7,0.37,543MB / 135MB,12.4MB / 39.8MB
2025-12-16 14:56:11,81,11.36,29.41,7837.7,0.38,545MB / 135MB,12.4MB / 39.8MB
2025-12-16 14:56:28,81,9.88,29.46,7837.7,0.38,547MB / 136MB,12.4MB / 39.8MB
2025-12-16 14:56:44,81,12.83,29.52,7837.7,0.38,549MB / 136MB,12.4MB / 39.8MB
2025-12-16 14:57:03,82,8.26,29.58,7837.7,0.38,551MB / 137MB,12.4MB / 39.8MB
2025-12-16 14:57:19,82,15.48,30.13,7837.7,0.38,553MB / 137MB,12.4MB / 39.8MB
2025-12-16 14:57:38,82,9.40,29.69,7837.7,0.38,554MB / 138MB,12.4MB / 39.8MB
2025-12-16 14:57:55,82,10.89,29.75,7837.7,0.38,556MB / 138MB,12.4MB / 39.8MB
2025-12-16 14:58:13,83,6.35,29.79,7837.7,0.38,558MB / 139MB,12.4MB / 39.8MB
2025-12-16 14:58:30,83,12.11,29.86,7837.7,0.38,560MB / 139MB,12.4MB / 39.8MB
2025-12-16 14:58:47,83,11.60,29.91,7837.7,0.38,562MB / 140MB,12.4MB / 39.8MB
2025-12-16 14:59:05,84,13.96,30,7837.7,0.38,564MB / 140MB,12.4MB / 39.8MB
2025-12-16 14:59:22,84,10.03,30.03,7837.7,0.38,566MB / 140MB,12.4MB / 39.8MB
2025-12-16 14:59:38,84,10.51,30.09,7837.7,0.38,568MB / 141MB,12.4MB / 39.8MB
2025-12-16 14:59:55,84,12.17,30.16,7837.7,0.38,570MB / 141MB,12.4MB / 39.8MB
2025-12-16 15:00:12,85,12.91,30.2,7837.7,0.39,572MB / 142MB,12.4MB / 39.8MB
2025-12-16 15:00:32,85,9.22,30.25,7837.7,0.39,574MB / 142MB,12.4MB / 39.8MB
2025-12-16 15:00:50,85,15.33,30.31,7837.7,0.39,576MB / 143MB,12.4MB / 39.8MB
2025-12-16 15:01:07,86,10.78,30.36,7837.7,0.39,577MB / 143MB,12.4MB / 39.8MB
2025-12-16 15:01:23,86,12.42,30.43,7837.7,0.39,579MB / 144MB,12.4MB / 39.8MB
2025-12-16 15:01:40,86,9.11,30.48,7837.7,0.39,581MB / 144MB,12.4MB / 39.8MB
2025-12-16 15:01:57,86,8.66,30.54,7837.7,0.39,583MB / 145MB,12.4MB / 39.8MB
2025-12-16 15:02:14,87,12.51,30.59,7837.7,0.39,585MB / 145MB,12.4MB / 39.8MB
2025-12-16 15:02:32,87,10.91,30.65,7837.7,0.39,587MB / 146MB,12.4MB / 39.8MB
2025-12-16 15:02:49,87,13.36,30.7,7837.7,0.39,589MB / 146MB,12.4MB / 39.8MB
2025-12-16 15:03:05,88,8.97,30.77,7837.7,0.39,591MB / 147MB,12.4MB / 39.8MB
2025-12-16 15:03:23,88,9.51,30.82,7837.7,0.39,592MB / 147MB,12.4MB / 39.8MB
2025-12-16 15:03:40,88,8.63,30.88,7837.7,0.39,594MB / 148MB,12.4MB / 39.8MB
2025-12-16 15:03:58,88,7.35,30.93,7837.7,0.39,596MB / 148MB,12.4MB / 39.8MB
2025-12-16 15:04:14,89,8.01,30.99,7837.7,0.40,598MB / 149MB,12.4MB / 39.8MB
2025-12-16 15:04:32,89,10.88,31.05,7837.7,0.40,600MB / 149MB,12.4MB / 39.8MB
2025-12-16 15:04:51,89,6.59,31.11,7837.7,0.40,602MB / 150MB,12.4MB / 39.8MB
2025-12-16 15:05:07,90,15.16,31.17,7837.7,0.40,604MB / 150MB,12.4MB / 39.8MB
2025-12-16 15:05:23,90,10.14,31.22,7837.7,0.40,606MB / 150MB,12.4MB / 39.8MB
2025-12-16 15:05:40,90,10.21,31.28,7837.7,0.40,608MB / 151MB,12.4MB / 39.8MB
2025-12-16 15:05:59,90,11.12,31.34,7837.7,0.40,610MB / 151MB,12.4MB / 39.8MB
2025-12-16 15:06:17,91,12.68,31.39,7837.7,0.40,612MB / 152MB,12.4MB / 39.8MB
2025-12-16 15:06:33,91,14.09,31.44,7837.7,0.40,614MB / 152MB,12.4MB / 39.8MB
2025-12-16 15:06:51,91,7.15,31.5,7837.7,0.40,616MB / 153MB,12.4MB / 39.8MB
2025-12-16 15:07:08,92,8.56,31.55,7837.7,0.40,617MB / 153MB,12.4MB / 39.8MB
2025-12-16 15:07:25,92,17.18,31.62,7837.7,0.40,619MB / 154MB,12.4MB / 39.8MB
2025-12-16 15:07:43,92,10.01,31.68,7837.7,0.40,621MB / 154MB,12.4MB / 39.8MB
2025-12-16 15:08:01,93,24.14,31.73,7837.7,0.40,623MB / 155MB,12.4MB / 39.8MB
2025-12-16 15:08:19,93,10.26,31.78,7837.7,0.41,625MB / 155MB,12.4MB / 39.8MB
2025-12-16 15:08:37,93,9.49,31.84,7837.7,0.41,627MB / 156MB,12.4MB / 39.8MB
2025-12-16 15:08:54,93,15.28,31.9,7837.7,0.41,629MB / 156MB,12.4MB / 39.8MB
2025-12-16 15:09:13,94,7.28,31.95,7837.7,0.41,631MB / 157MB,12.4MB / 39.8MB
2025-12-16 15:09:30,94,12.22,32.01,7837.7,0.41,633MB / 157MB,12.4MB / 39.8MB
2025-12-16 15:09:46,94,14.36,32.07,7837.7,0.41,635MB / 158MB,12.4MB / 39.8MB
2025-12-16 15:10:04,95,16.44,32.13,7837.7,0.41,637MB / 158MB,12.4MB / 39.8MB
2025-12-16 15:10:21,95,9.64,32.18,7837.7,0.41,638MB / 159MB,12.4MB / 39.8MB
2025-12-16 15:10:38,95,9.58,32.23,7837.7,0.41,640MB / 159MB,12.4MB / 39.8MB
2025-12-16 15:10:56,95,22.43,32.3,7837.7,0.41,642MB / 160MB,12.4MB / 39.8MB
2025-12-16 15:11:14,96,9.11,32.61,7837.7,0.42,644MB / 160MB,12.4MB / 39.8MB
2025-12-16 15:11:31,96,7.37,32.41,7837.7,0.41,646MB / 161MB,12.4MB / 39.8MB
2025-12-16 15:11:49,96,17.38,32.46,7837.7,0.41,648MB / 161MB,12.4MB / 39.8MB
2025-12-16 15:12:06,97,13.04,32.52,7837.7,0.41,650MB / 162MB,12.4MB / 39.8MB
2025-12-16 15:12:24,97,14.07,32.58,7837.7,0.42,652MB / 162MB,12.4MB / 39.8MB
2025-12-16 15:12:41,97,13.17,32.64,7837.7,0.42,654MB / 163MB,12.4MB / 39.8MB
2025-12-16 15:13:02,98,9.71,32.7,7837.7,0.42,656MB / 163MB,12.4MB / 39.8MB
2025-12-16 15:13:18,98,8.25,32.75,7837.7,0.42,658MB / 164MB,12.4MB / 39.8MB
2025-12-16 15:13:34,98,7.63,32.8,7837.7,0.42,660MB / 164MB,12.4MB / 39.8MB
2025-12-16 15:13:51,98,15.38,33.11,7837.7,0.42,661MB / 164MB,12.4MB / 39.8MB
2025-12-16 15:14:07,99,19.61,32.91,7837.7,0.42,663MB / 165MB,12.4MB / 39.8MB
2025-12-16 15:14:26,99,12.43,32.97,7837.7,0.42,665MB / 165MB,12.4MB / 39.8MB
2025-12-16 15:14:44,99,14.27,33.04,7837.7,0.42,667MB / 166MB,12.4MB / 39.8MB
2025-12-16 15:15:01,100,8.55,33.07,7837.7,0.42,669MB / 166MB,12.4MB / 39.8MB
2025-12-16 15:15:19,100,10.94,33.15,7837.7,0.42,671MB / 167MB,12.4MB / 39.8MB
2025-12-16 15:15:36,100,7.06,33.2,7837.7,0.42,673MB / 167MB,12.4MB / 39.8MB
2025-12-16 15:15:52,100,6.46,33.27,7837.7,0.42,675MB / 168MB,12.4MB / 39.8MB
2025-12-16 15:16:09,101,6.62,33.3,7837.7,0.42,677MB / 168MB,12.4MB / 39.8MB
2025-12-16 15:16:26,101,6.29,33.61,7837.7,0.43,678MB / 169MB,12.4MB / 39.8MB
2025-12-16 15:16:44,101,10.11,33.7,7837.7,0.43,680MB / 169MB,12.4MB / 39.8MB
2025-12-16 15:16:59,101,21.50,33.47,7837.7,0.43,682MB / 170MB,12.4MB / 39.8MB
2025-12-16 15:17:19,102,6.93,33.53,7837.7,0.43,684MB / 170MB,12.4MB / 39.8MB
2025-12-16 15:17:35,102,8.02,33.58,7837.7,0.43,686MB / 171MB,12.4MB / 39.8MB
2025-12-16 15:17:51,102,6.40,33.63,7837.7,0.43,688MB / 171MB,12.4MB / 39.8MB
2025-12-16 15:18:08,103,5.99,33.69,7837.7,0.43,690MB / 171MB,12.4MB / 39.8MB
2025-12-16 15:18:26,103,10.33,33.74,7837.7,0.43,692MB / 172MB,12.4MB / 39.8MB
2025-12-16 15:18:47,103,6.59,33.8,7837.7,0.43,694MB / 172MB,12.4MB / 39.8MB
2025-12-16 15:19:03,104,10.38,33.86,7837.7,0.43,695MB / 173MB,12.4MB / 39.8MB
2025-12-16 15:19:22,104,14.96,33.9,7837.7,0.43,697MB / 173MB,12.4MB / 39.8MB
2025-12-16 15:19:48,104,5.51,33.95,7837.7,0.43,699MB / 174MB,12.4MB / 39.8MB
2025-12-16 15:20:05,105,6.55,34,7837.7,0.43,701MB / 174MB,12.4MB / 39.8MB
2025-12-16 15:20:24,105,30.90,34.08,7837.7,0.43,703MB / 175MB,12.5MB / 39.8MB
2025-12-16 15:20:56,105,6.89,34.1,7837.7,0.44,704MB / 175MB,12.5MB / 39.8MB
2025-12-16 15:21:13,106,6.41,34.17,7837.7,0.44,706MB / 176MB,12.5MB / 39.8MB
2025-12-16 15:21:32,106,6.95,34.22,7837.7,0.44,708MB / 176MB,12.5MB / 39.8MB
2025-12-16 15:21:55,106,7.23,34.8,7837.7,0.44,710MB / 177MB,12.5MB / 39.8MB
2025-12-16 15:22:12,107,9.85,34.36,7837.7,0.44,711MB / 177MB,12.5MB / 39.8MB
2025-12-16 15:22:30,107,8.79,34.39,7837.7,0.44,713MB / 177MB,12.5MB / 39.8MB
2025-12-16 15:22:47,107,10.43,34.46,7837.7,0.44,715MB / 178MB,12.5MB / 39.8MB
2025-12-16 15:23:05,108,8.91,34.53,7837.7,0.44,717MB / 178MB,12.5MB / 39.8MB
2025-12-16 15:23:23,108,9.37,34.59,7837.7,0.44,719MB / 179MB,12.5MB / 39.8MB
2025-12-16 15:23:41,108,11.04,34.64,7837.7,0.44,721MB / 179MB,12.5MB / 39.8MB
2025-12-16 15:23:58,108,7.86,34.7,7837.7,0.44,723MB / 180MB,12.5MB / 39.8MB
2025-12-16 15:24:15,109,13.94,34.75,7837.7,0.44,725MB / 180MB,12.5MB / 39.8MB
2025-12-16 15:24:34,109,8.29,34.82,7837.7,0.44,727MB / 181MB,12.5MB / 39.8MB
2025-12-16 15:24:53,109,13.03,34.87,7837.7,0.44,729MB / 181MB,12.5MB / 39.8MB
2025-12-16 15:25:11,110,12.17,34.94,7837.7,0.45,731MB / 182MB,12.5MB / 39.8MB
2025-12-16 15:25:28,110,11.36,34.99,7837.7,0.45,732MB / 182MB,12.5MB / 39.8MB
2025-12-16 15:25:45,110,10.96,35.04,7837.7,0.45,734MB / 183MB,12.5MB / 39.8MB
2025-12-16 15:26:01,111,6.24,35.1,7837.7,0.45,736MB / 183MB,12.5MB / 39.8MB
2025-12-16 15:26:17,111,8.61,35.15,7837.7,0.45,738MB / 184MB,12.5MB / 39.8MB
2025-12-16 15:26:33,111,7.77,35.45,7837.7,0.45,740MB / 184MB,12.5MB / 39.8MB
2025-12-16 15:26:50,111,14.53,35.28,7837.7,0.45,742MB / 185MB,12.5MB / 39.8MB
2025-12-16 15:27:06,112,9.21,35.32,7837.7,0.45,743MB / 185MB,12.5MB / 39.8MB
2025-12-16 15:27:23,112,11.91,35.38,7837.7,0.45,745MB / 185MB,12.5MB / 39.8MB
2025-12-16 15:27:40,112,8.75,35.94,7837.7,0.46,747MB / 186MB,12.5MB / 39.8MB
2025-12-16 15:27:56,112,8.07,35.48,7837.7,0.45,749MB / 186MB,12.5MB / 39.8MB
2025-12-16 15:28:13,113,7.82,35.54,7837.7,0.45,751MB / 187MB,12.5MB / 39.8MB
2025-12-16 15:28:31,113,12.57,35.62,7837.7,0.45,753MB / 187MB,12.5MB / 39.8MB
2025-12-16 15:28:49,113,8.12,35.66,7837.7,0.45,755MB / 188MB,12.5MB / 39.8MB
2025-12-16 15:29:06,114,5.61,35.71,7837.7,0.46,757MB / 188MB,12.5MB / 39.8MB
2025-12-16 15:29:24,114,10.74,36.27,7837.7,0.46,759MB / 189MB,12.5MB / 39.8MB
2025-12-16 15:29:41,114,8.16,35.82,7837.7,0.46,761MB / 189MB,12.5MB / 39.8MB
2025-12-16 15:29:58,114,12.17,35.89,7837.7,0.46,762MB / 190MB,12.5MB / 39.8MB
2025-12-16 15:30:15,115,11.85,35.93,7837.7,0.46,764MB / 190MB,12.5MB / 39.8MB
2025-12-16 15:30:32,115,7.88,35.99,7837.7,0.46,766MB / 191MB,12.5MB / 39.8MB
2025-12-16 15:30:49,115,5.23,36.06,7837.7,0.46,768MB / 191MB,12.5MB / 39.8MB
2025-12-16 15:31:05,116,20.76,36.36,7837.7,0.46,770MB / 192MB,12.5MB / 39.8MB
2025-12-16 15:31:21,116,9.72,36.16,7837.7,0.46,772MB / 192MB,12.5MB / 39.8MB
2025-12-16 15:31:40,116,10.19,36.22,7837.7,0.46,774MB / 193MB,12.5MB / 39.8MB
2025-12-16 15:32:00,116,13.83,36.28,7837.7,0.46,776MB / 193MB,12.5MB / 39.8MB
2025-12-16 15:32:19,117,14.86,36.34,7837.7,0.46,778MB / 194MB,12.5MB / 39.8MB
2025-12-16 15:32:38,117,12.28,36.4,7837.7,0.46,780MB / 194MB,12.5MB / 39.8MB
2025-12-16 15:32:59,117,18.82,36.45,7837.7,0.47,782MB / 195MB,12.5MB / 39.8MB
2025-12-16 15:33:19,118,16.84,36.51,7837.7,0.47,784MB / 195MB,12.5MB / 39.8MB
2025-12-16 15:33:39,118,21.70,36.83,7837.7,0.47,786MB / 196MB,12.5MB / 39.8MB
2025-12-16 15:34:01,118,17.73,36.62,7837.7,0.47,788MB / 196MB,12.5MB / 39.8MB
2025-12-16 15:34:20,119,17.83,36.7,7837.7,0.47,790MB / 197MB,12.5MB / 39.8MB
2025-12-16 15:34:42,119,13.27,36.75,7837.7,0.47,792MB / 197MB,12.5MB / 39.8MB
2025-12-16 15:35:02,120,9.78,36.81,7837.7,0.47,794MB / 198MB,12.5MB / 39.8MB
2025-12-16 15:35:19,120,14.39,36.87,7837.7,0.47,796MB / 198MB,12.5MB / 39.8MB
2025-12-16 15:35:36,120,14.33,36.93,7837.7,0.47,798MB / 199MB,12.5MB / 39.8MB
2025-12-16 15:35:54,120,10.25,36.99,7837.7,0.47,800MB / 199MB,12.5MB / 39.8MB
2025-12-16 15:36:10,121,5.14,37.03,7837.7,0.47,801MB / 199MB,12.5MB / 39.8MB
2025-12-16 15:36:26,121,7.83,37.09,7837.7,0.47,803MB / 200MB,12.5MB / 39.8MB
2025-12-16 15:36:43,121,6.06,37.15,7837.7,0.47,805MB / 200MB,12.5MB / 39.8MB
2025-12-16 15:36:59,121,8.51,37.2,7837.7,0.47,807MB / 201MB,12.5MB / 39.8MB
2025-12-16 15:37:15,122,8.60,37.27,7837.7,0.48,809MB / 201MB,12.5MB / 39.8MB
2025-12-16 15:37:32,122,8.97,37.31,7837.7,0.48,810MB / 202MB,12.5MB / 39.8MB
2025-12-16 15:37:50,122,8.89,37.38,7837.7,0.48,812MB / 202MB,12.5MB / 39.8MB
2025-12-16 15:38:08,123,12.86,37.44,7837.7,0.48,814MB / 203MB,12.5MB / 39.8MB
2025-12-16 15:38:25,123,8.83,37.49,7837.7,0.48,816MB / 203MB,12.5MB / 39.8MB
2025-12-16 15:38:40,123,6.76,37.55,7837.7,0.48,818MB / 204MB,12.5MB / 39.8MB
2025-12-16 15:38:58,123,9.61,37.61,7837.7,0.48,820MB / 204MB,12.5MB / 39.8MB
2025-12-16 15:39:15,124,6.01,37.66,7837.7,0.48,822MB / 205MB,12.5MB / 39.8MB
2025-12-16 15:39:32,124,5.35,37.72,7837.7,0.48,824MB / 205MB,12.5MB / 39.8MB
2025-12-16 15:39:49,124,10.12,37.77,7837.7,0.48,826MB / 206MB,12.5MB / 39.8MB
2025-12-16 15:40:06,125,9.24,37.83,7837.7,0.48,828MB / 206MB,12.5MB / 39.8MB
2025-12-16 15:40:23,125,8.31,37.89,7837.7,0.48,830MB / 206MB,12.5MB / 39.8MB
2025-12-16 15:40:39,125,8.69,37.95,7837.7,0.48,831MB / 207MB,12.5MB / 39.8MB
2025-12-16 15:40:57,125,8.56,37.99,7837.7,0.48,833MB / 207MB,12.5MB / 39.8MB
2025-12-16 15:41:14,126,9.67,38.06,7837.7,0.49,835MB / 208MB,12.5MB / 39.8MB
2025-12-16 15:41:30,126,9.01,38.11,7837.7,0.49,837MB / 208MB,12.5MB / 39.8MB
2025-12-16 15:41:47,126,5.33,38.16,7837.7,0.49,839MB / 209MB,12.5MB / 39.8MB
2025-12-16 15:42:04,127,7.08,38.21,7837.7,0.49,841MB / 209MB,12.5MB / 39.8MB
2025-12-16 15:42:20,127,8.95,38.27,7837.7,0.49,843MB / 210MB,12.5MB / 39.8MB
2025-12-16 15:42:37,127,5.72,38.33,7837.7,0.49,845MB / 210MB,12.5MB / 39.8MB
2025-12-16 15:42:53,127,4.72,38.39,7837.7,0.49,846MB / 211MB,12.5MB / 39.8MB
2025-12-16 15:43:09,128,6.27,38.45,7837.7,0.49,848MB / 211MB,12.5MB / 39.8MB
2025-12-16 15:43:27,128,8.47,38.5,7837.7,0.49,850MB / 212MB,12.5MB / 39.8MB
2025-12-16 15:43:43,128,13.40,38.58,7837.7,0.49,852MB / 212MB,12.5MB / 39.8MB
2025-12-16 15:44:00,128,13.06,38.61,7837.7,0.49,854MB / 212MB,12.5MB / 39.8MB
2025-12-16 15:44:17,129,6.10,38.67,7837.7,0.49,856MB / 213MB,12.5MB / 39.8MB
2025-12-16 15:44:34,129,6.28,38.72,7837.7,0.49,858MB / 213MB,12.5MB / 39.8MB
2025-12-16 15:44:50,129,6.38,38.79,7837.7,0.49,860MB / 214MB,12.5MB / 39.8MB
2025-12-16 15:45:07,130,5.79,38.83,7837.7,0.50,861MB / 214MB,12.5MB / 39.8MB
2025-12-16 15:45:24,130,8.51,38.9,7837.7,0.50,863MB / 215MB,12.5MB / 39.8MB
2025-12-16 15:45:39,130,7.22,39.2,7837.7,0.50,865MB / 215MB,12.5MB / 39.8MB
2025-12-16 15:45:56,130,10.96,39,7837.7,0.50,867MB / 216MB,12.5MB / 39.8MB
2025-12-16 15:46:12,131,10.41,39.05,7837.7,0.50,869MB / 216MB,12.5MB / 39.8MB
2025-12-16 15:46:28,131,7.59,38.35,7837.7,0.49,871MB / 217MB,12.5MB / 40MB
2025-12-16 15:46:46,131,7.62,38.4,7837.7,0.49,873MB / 217MB,12.5MB / 40MB
2025-12-16 15:47:02,132,5.67,37.76,7837.7,0.48,874MB / 218MB,12.5MB / 40MB
2025-12-16 15:47:19,132,4.74,37.82,7837.7,0.48,876MB / 218MB,12.5MB / 40MB
2025-12-16 15:47:35,132,27.61,37.88,7837.7,0.48,878MB / 218MB,12.5MB / 40MB
2025-12-16 15:47:54,132,7.53,37.94,7837.7,0.48,880MB / 219MB,12.5MB / 40MB
2025-12-16 15:48:10,133,6.76,37.99,7837.7,0.48,882MB / 219MB,12.5MB / 40MB
2025-12-16 15:48:27,133,7.41,38.05,7837.7,0.49,884MB / 220MB,12.5MB / 40MB
2025-12-16 15:48:43,133,9.76,38.11,7837.7,0.49,886MB / 220MB,12.5MB / 40MB
2025-12-16 15:48:59,133,10.67,38.41,7837.7,0.49,888MB / 221MB,12.7MB / 40MB
2025-12-16 15:49:17,134,6.83,38.53,7837.7,0.49,890MB / 221MB,12.8MB / 40MB
2025-12-16 15:49:33,134,8.29,38.58,7837.7,0.49,892MB / 222MB,12.8MB / 40MB
2025-12-16 15:49:49,134,5.61,38.63,7837.7,0.49,893MB / 222MB,12.8MB / 40MB
2025-12-16 15:50:07,135,5.48,38.71,7837.7,0.49,895MB / 223MB,12.8MB / 40MB
2025-12-16 15:50:24,135,6.83,38.76,7837.7,0.49,897MB / 223MB,12.8MB / 40MB
2025-12-16 15:50:41,135,6.49,38.81,7837.7,0.50,899MB / 224MB,12.8MB / 40MB
2025-12-16 15:50:58,135,11.32,38.88,7837.7,0.50,901MB / 224MB,12.8MB / 40MB
2025-12-16 15:51:15,136,7.13,38.92,7837.7,0.50,903MB / 225MB,12.8MB / 40MB
2025-12-16 15:51:30,136,14.91,38.98,7837.7,0.50,905MB / 225MB,12.8MB / 40MB
2025-12-16 15:51:46,136,8.22,39.02,7837.7,0.50,907MB / 225MB,12.8MB / 40MB
2025-12-16 15:52:03,137,37.99,39.08,7837.7,0.50,909MB / 226MB,12.8MB / 40MB
2025-12-16 15:52:25,137,15.06,39.14,7837.7,0.50,911MB / 226MB,12.8MB / 40MB
2025-12-16 15:52:42,137,11.64,39.21,7837.7,0.50,912MB / 227MB,12.8MB / 40MB
2025-12-16 15:52:59,137,9.89,39.25,7837.7,0.50,914MB / 227MB,12.8MB / 40MB
2025-12-16 15:53:15,138,8.37,39.31,7837.7,0.50,916MB / 228MB,12.8MB / 40MB
2025-12-16 15:53:31,138,7.10,39.37,7837.7,0.50,918MB / 228MB,12.8MB / 40MB
2025-12-16 15:53:46,138,5.04,39.43,7837.7,0.50,920MB / 229MB,12.8MB / 40MB
2025-12-16 15:54:03,139,14.17,39.98,7837.7,0.51,922MB / 229MB,12.8MB / 40MB
2025-12-16 15:54:19,139,9.10,39.58,7837.7,0.50,923MB / 230MB,12.8MB / 40MB
2025-12-16 15:54:37,139,9.87,39.62,7837.7,0.51,925MB / 230MB,12.8MB / 40MB
2025-12-16 15:54:53,139,6.42,39.69,7837.7,0.51,927MB / 231MB,12.8MB / 40MB
2025-12-16 15:55:11,140,11.32,39.74,7837.7,0.51,929MB / 231MB,12.8MB / 40MB
2025-12-16 15:55:26,140,6.19,39.8,7837.7,0.51,931MB / 231MB,12.8MB / 40MB
2025-12-16 15:55:43,140,5.66,39.86,7837.7,0.51,933MB / 232MB,12.8MB / 40MB
2025-12-16 15:55:59,140,8.02,39.91,7837.7,0.51,935MB / 232MB,12.8MB / 40MB
2025-12-16 15:56:17,141,12.69,39.97,7837.7,0.51,937MB / 233MB,12.8MB / 40MB
2025-12-16 15:56:33,141,4.75,40.03,7837.7,0.51,939MB / 233MB,12.8MB / 40MB
2025-12-16 15:56:50,141,9.20,40.08,7837.7,0.51,941MB / 234MB,12.8MB / 40MB
2025-12-16 15:57:06,142,5.78,40.14,7837.7,0.51,942MB / 234MB,12.8MB / 40MB
2025-12-16 15:57:22,142,5.00,40.19,7837.7,0.51,944MB / 235MB,12.8MB / 40MB
2025-12-16 15:57:39,142,8.80,40.24,7837.7,0.51,946MB / 235MB,12.8MB / 40MB
2025-12-16 15:57:56,142,11.15,40.3,7837.7,0.51,948MB / 236MB,12.8MB / 40MB
2025-12-16 15:58:13,143,10.86,40.61,7837.7,0.52,950MB / 236MB,12.8MB / 40MB
2025-12-16 15:58:29,143,12.51,40.41,7837.7,0.52,952MB / 237MB,12.8MB / 40MB
2025-12-16 15:58:47,143,7.43,40.46,7837.7,0.52,954MB / 237MB,12.8MB / 40MB
2025-12-16 15:59:02,144,5.68,40.52,7837.7,0.52,955MB / 237MB,12.8MB / 40MB
2025-12-16 15:59:18,144,6.15,40.58,7837.7,0.52,957MB / 238MB,12.8MB / 40MB
2025-12-16 15:59:34,144,5.61,40.62,7837.7,0.52,959MB / 238MB,12.8MB / 40MB
2025-12-16 15:59:49,144,6.24,40.68,7837.7,0.52,961MB / 239MB,12.8MB / 40MB
2025-12-16 16:00:05,145,6.47,40.73,7837.7,0.52,963MB / 239MB,12.8MB / 40MB
2025-12-16 16:00:22,145,17.03,40.79,7837.7,0.52,965MB / 240MB,12.8MB / 40MB
2025-12-16 16:00:40,145,8.69,40.86,7837.7,0.52,967MB / 240MB,12.8MB / 40MB
2025-12-16 16:00:57,145,7.58,40.9,7837.7,0.52,968MB / 241MB,12.8MB / 40MB
2025-12-16 16:01:13,146,7.04,40.96,7837.7,0.52,970MB / 241MB,12.8MB / 40MB
2025-12-16 16:01:30,146,9.29,41.02,7837.7,0.52,972MB / 242MB,12.8MB / 40MB
2025-12-16 16:01:47,146,17.49,41.09,7837.7,0.52,974MB / 242MB,12.8MB / 40MB
2025-12-16 16:02:04,147,5.53,41.12,7837.7,0.52,976MB / 243MB,12.8MB / 40MB
2025-12-16 16:02:19,147,9.06,41.18,7837.7,0.53,978MB / 243MB,12.8MB / 40MB
2025-12-16 16:02:36,147,5.53,41.23,7837.7,0.53,980MB / 243MB,12.8MB / 40MB
2025-12-16 16:02:53,147,11.19,41.29,7837.7,0.53,982MB / 244MB,12.8MB / 40MB
2025-12-16 16:03:09,148,13.00,41.35,7837.7,0.53,983MB / 244MB,12.8MB / 40MB
2025-12-16 16:03:27,148,7.49,41.41,7837.7,0.53,985MB / 245MB,12.8MB / 40MB
2025-12-16 16:03:44,148,12.55,41.47,7837.7,0.53,987MB / 245MB,12.8MB / 40MB
2025-12-16 16:04:00,148,6.93,41.53,7837.7,0.53,989MB / 246MB,12.8MB / 40MB
2025-12-16 16:04:16,149,9.64,41.57,7837.7,0.53,991MB / 246MB,12.8MB / 40MB
2025-12-16 16:04:32,149,8.06,41.62,7837.7,0.53,993MB / 247MB,12.8MB / 40MB
2025-12-16 16:04:48,149,7.61,41.93,7837.7,0.54,995MB / 247MB,12.8MB / 40MB
2025-12-16 16:05:05,150,9.24,41.74,7837.7,0.53,996MB / 248MB,12.8MB / 40MB
2025-12-16 16:05:23,150,9.74,41.79,7837.7,0.53,998MB / 248MB,12.8MB / 40MB
2025-12-16 16:05:39,150,12.89,41.85,7837.7,0.53,1GB / 249MB,12.8MB / 40MB
2025-12-16 16:05:56,150,7.50,41.9,7837.7,0.53,1GB / 249MB,12.8MB / 40MB
2025-12-16 16:06:13,151,7.94,41.96,7837.7,0.54,1GB / 249MB,12.8MB / 40MB
2025-12-16 16:06:29,151,10.76,42.04,7837.7,0.54,1.01GB / 250MB,12.8MB / 40MB
2025-12-16 16:06:46,151,6.42,42.08,7837.7,0.54,1.01GB / 250MB,12.8MB / 40MB
2025-12-16 16:07:02,152,5.25,42.14,7837.7,0.54,1.01GB / 251MB,12.8MB / 40MB
2025-12-16 16:07:19,152,9.89,42.19,7837.7,0.54,1.01GB / 251MB,12.8MB / 40MB
2025-12-16 16:07:35,152,5.58,42.45,7837.7,0.54,1.01GB / 252MB,12.8MB / 40MB
2025-12-16 16:07:51,152,5.41,42.5,7837.7,0.54,1.02GB / 252MB,12.8MB / 40MB
2025-12-16 16:08:08,153,6.74,42.56,7837.7,0.54,1.02GB / 253MB,12.8MB / 40MB
2025-12-16 16:08:24,153,6.62,42.61,7837.7,0.54,1.02GB / 253MB,12.8MB / 40MB
2025-12-16 16:08:42,153,8.61,42.66,7837.7,0.54,1.02GB / 254MB,12.8MB / 40MB
2025-12-16 16:08:59,153,14.04,42.72,7837.7,0.55,1.02GB / 254MB,12.8MB / 40MB
2025-12-16 16:09:16,154,13.25,42.77,7837.7,0.55,1.02GB / 255MB,12.8MB / 40MB
2025-12-16 16:09:33,154,11.39,42.83,7837.7,0.55,1.03GB / 255MB,12.8MB / 40MB
2025-12-16 16:09:51,154,12.28,42.88,7837.7,0.55,1.03GB / 256MB,12.8MB / 40MB
2025-12-16 16:10:07,155,5.90,42.94,7837.7,0.55,1.03GB / 256MB,12.8MB / 40MB
2025-12-16 16:10:22,155,8.24,42.99,7837.7,0.55,1.03GB / 256MB,12.8MB / 40MB
2025-12-16 16:10:38,155,5.90,43.3,7837.7,0.55,1.03GB / 257MB,12.8MB / 40MB
2025-12-16 16:10:57,155,5.20,43.11,7837.7,0.55,1.04GB / 257MB,12.8MB / 40MB
2025-12-16 16:11:13,156,5.79,43.43,7837.7,0.55,1.04GB / 258MB,12.8MB / 40MB
2025-12-16 16:11:29,156,6.21,43.22,7837.7,0.55,1.04GB / 258MB,12.8MB / 40MB
2025-12-16 16:11:47,156,15.24,43.28,7837.7,0.55,1.04GB / 259MB,12.8MB / 40MB
2025-12-16 16:12:03,157,10.28,43.34,7837.7,0.55,1.04GB / 259MB,12.8MB / 40MB
2025-12-16 16:12:20,157,8.92,43.9,7837.7,0.56,1.05GB / 260MB,12.8MB / 40MB
2025-12-16 16:12:38,157,7.33,43.46,7837.7,0.55,1.05GB / 260MB,12.8MB / 40MB
2025-12-16 16:12:54,157,8.28,43.5,7837.7,0.56,1.05GB / 261MB,12.8MB / 40MB
2025-12-16 16:13:09,158,5.88,43.55,7837.7,0.56,1.05GB / 261MB,12.8MB / 40MB
2025-12-16 16:13:25,158,7.96,43.62,7837.7,0.56,1.05GB / 262MB,12.8MB / 40MB
2025-12-16 16:13:42,158,4.79,43.66,7837.7,0.56,1.05GB / 262MB,12.8MB / 40MB
2025-12-16 16:13:59,158,5.15,43.72,7837.7,0.56,1.06GB / 262MB,12.8MB / 40MB
2025-12-16 16:14:17,159,5.93,44.03,7837.7,0.56,1.06GB / 263MB,12.8MB / 40MB
2025-12-16 16:14:33,159,12.09,43.83,7837.7,0.56,1.06GB / 263MB,12.8MB / 40MB
2025-12-16 16:14:49,159,11.96,43.89,7837.7,0.56,1.06GB / 264MB,12.8MB / 40MB
2025-12-16 16:15:06,160,10.61,43.94,7837.7,0.56,1.06GB / 264MB,12.8MB / 40MB
2025-12-16 16:15:22,160,7.67,44,7837.7,0.56,1.07GB / 265MB,12.8MB / 40MB
2025-12-16 16:15:39,160,7.58,44.05,7837.7,0.56,1.07GB / 265MB,12.8MB / 40MB
2025-12-16 16:15:55,160,6.04,44.11,7837.7,0.56,1.07GB / 266MB,12.8MB / 40MB
2025-12-16 16:16:12,161,5.60,44.16,7837.7,0.56,1.07GB / 266MB,12.8MB / 40MB
2025-12-16 16:16:29,161,7.53,44.24,7837.7,0.56,1.07GB / 267MB,12.8MB / 40MB
2025-12-16 16:16:45,161,8.01,44.29,7837.7,0.57,1.08GB / 267MB,12.8MB / 40MB
2025-12-16 16:17:02,162,4.93,44.34,7837.7,0.57,1.08GB / 267MB,12.8MB / 40MB
2025-12-16 16:17:18,162,5.09,44.4,7837.7,0.57,1.08GB / 268MB,12.8MB / 40MB
2025-12-16 16:17:34,162,6.03,44.46,7837.7,0.57,1.08GB / 268MB,12.8MB / 40MB
2025-12-16 16:17:51,162,4.68,44.51,7837.7,0.57,1.08GB / 269MB,12.8MB / 40MB
2025-12-16 16:18:08,163,5.12,44.82,7837.7,0.57,1.09GB / 269MB,12.8MB / 40MB
2025-12-16 16:18:24,163,11.32,44.62,7837.7,0.57,1.09GB / 270MB,12.8MB / 40MB
2025-12-16 16:18:41,163,8.13,44.94,7837.7,0.57,1.09GB / 270MB,12.8MB / 40MB
2025-12-16 16:18:58,163,11.29,44.72,7837.7,0.57,1.09GB / 271MB,12.8MB / 40MB
2025-12-16 16:19:14,164,7.30,44.78,7837.7,0.57,1.09GB / 271MB,12.8MB / 40MB
2025-12-16 16:19:30,164,7.77,44.84,7837.7,0.57,1.09GB / 272MB,12.8MB / 40MB
2025-12-16 16:19:46,164,6.88,44.89,7837.7,0.57,1.1GB / 272MB,12.8MB / 40MB
2025-12-16 16:20:02,165,5.53,44.95,7837.7,0.57,1.1GB / 273MB,12.8MB / 40MB
2025-12-16 16:20:19,165,24.40,45.27,7837.7,0.58,1.1GB / 273MB,12.8MB / 40MB
2025-12-16 16:20:36,165,5.12,45.07,7837.7,0.58,1.1GB / 273MB,12.8MB / 40MB
2025-12-16 16:20:51,165,7.25,45.12,7837.7,0.58,1.1GB / 274MB,12.8MB / 40MB
2025-12-16 16:21:10,166,9.40,45.18,7837.7,0.58,1.11GB / 274MB,12.8MB / 40MB
2025-12-16 16:21:28,166,10.72,45.24,7837.7,0.58,1.11GB / 275MB,12.8MB / 40MB
2025-12-16 16:21:45,166,5.90,45.29,7837.7,0.58,1.11GB / 275MB,12.8MB / 40MB
2025-12-16 16:22:01,167,10.99,45.6,7837.7,0.58,1.11GB / 276MB,12.8MB / 40MB
2025-12-16 16:22:19,167,14.87,45.39,7837.7,0.58,1.11GB / 276MB,12.8MB / 40MB
2025-12-16 16:22:37,167,9.00,45.45,7837.7,0.58,1.12GB / 277MB,12.8MB / 40MB
2025-12-16 16:22:55,167,8.98,45.53,7837.7,0.58,1.12GB / 277MB,12.8MB / 40MB
2025-12-16 16:23:12,168,22.23,45.83,7837.7,0.58,1.12GB / 278MB,12.8MB / 40MB
2025-12-16 16:23:29,168,7.91,45.62,7837.7,0.58,1.12GB / 278MB,12.8MB / 40MB
2025-12-16 16:23:47,168,6.38,45.68,7837.7,0.58,1.12GB / 279MB,12.8MB / 40MB
2025-12-16 16:24:02,169,8.13,45.75,7837.7,0.58,1.12GB / 279MB,12.8MB / 40MB
2025-12-16 16:24:18,169,5.00,45.79,7837.7,0.58,1.13GB / 280MB,12.8MB / 40MB
2025-12-16 16:24:35,169,10.63,45.88,7837.7,0.59,1.13GB / 280MB,12.8MB / 40MB
2025-12-16 16:24:51,169,6.33,45.9,7837.7,0.59,1.13GB / 281MB,12.8MB / 40MB
2025-12-16 16:25:08,170,7.93,45.96,7837.7,0.59,1.13GB / 281MB,12.8MB / 40MB
2025-12-16 16:25:25,170,8.36,46.01,7837.7,0.59,1.13GB / 281MB,12.8MB / 40MB
2025-12-16 16:25:41,170,9.43,46.07,7837.7,0.59,1.14GB / 282MB,12.8MB / 40MB
2025-12-16 16:25:59,170,16.31,46.12,7837.7,0.59,1.14GB / 282MB,12.8MB / 40MB
2025-12-16 16:26:16,171,6.70,46.17,7837.7,0.59,1.14GB / 283MB,12.8MB / 40MB
2025-12-16 16:26:33,171,5.90,46.23,7837.7,0.59,1.14GB / 283MB,12.8MB / 40MB
2025-12-16 16:26:50,171,32.04,46.29,7837.7,0.59,1.14GB / 284MB,12.8MB / 40MB
2025-12-16 16:27:08,172,6.76,46.25,7837.7,0.59,1.15GB / 284MB,12.8MB / 40.1MB
2025-12-16 16:27:26,172,12.01,46.3,7837.7,0.59,1.15GB / 285MB,12.8MB / 40.1MB
2025-12-16 16:27:43,172,7.53,46.37,7837.7,0.59,1.15GB / 285MB,12.8MB / 40.1MB
2025-12-16 16:28:02,173,16.49,46.43,7837.7,0.59,1.15GB / 286MB,12.8MB / 40.1MB
2025-12-16 16:28:21,173,8.71,46.51,7837.7,0.59,1.15GB / 286MB,12.8MB / 40.1MB
2025-12-16 16:28:39,173,10.89,46.55,7837.7,0.59,1.16GB / 287MB,12.8MB / 40.1MB
2025-12-16 16:28:58,173,10.71,46.61,7837.7,0.59,1.16GB / 287MB,12.8MB / 40.1MB
2025-12-16 16:29:17,174,14.76,46.66,7837.7,0.60,1.16GB / 288MB,12.8MB / 40.1MB
2025-12-16 16:29:37,174,9.39,46.74,7837.7,0.60,1.16GB / 288MB,12.8MB / 40.1MB
2025-12-16 16:29:55,174,9.46,46.78,7837.7,0.60,1.16GB / 289MB,12.8MB / 40.1MB
2025-12-16 16:30:10,175,7.99,46.84,7837.7,0.60,1.17GB / 289MB,12.8MB / 40.1MB
2025-12-16 16:30:28,175,9.11,46.9,7837.7,0.60,1.17GB / 290MB,12.8MB / 40.1MB
2025-12-16 16:30:46,175,6.64,46.96,7837.7,0.60,1.17GB / 290MB,12.8MB / 40.1MB
2025-12-16 16:31:01,176,5.60,47.01,7837.7,0.60,1.17GB / 291MB,12.8MB / 40.1MB
2025-12-16 16:31:17,176,10.82,47.06,7837.7,0.60,1.17GB / 291MB,12.8MB / 40.1MB
2025-12-16 16:31:34,176,11.57,47.12,7837.7,0.60,1.18GB / 292MB,12.8MB / 40.1MB
2025-12-16 16:31:51,176,8.65,47.18,7837.7,0.60,1.18GB / 292MB,12.8MB / 40.1MB
2025-12-16 16:32:10,177,15.38,47.25,7837.7,0.60,1.18GB / 293MB,12.8MB / 40.1MB
2025-12-16 16:32:29,177,11.38,47.3,7837.7,0.60,1.18GB / 293MB,12.8MB / 40.1MB
2025-12-16 16:32:46,177,7.47,47.36,7837.7,0.60,1.18GB / 294MB,12.8MB / 40.1MB
2025-12-16 16:33:02,178,7.92,47.42,7837.7,0.61,1.18GB / 294MB,12.8MB / 40.1MB
2025-12-16 16:33:19,178,10.52,47.48,7837.7,0.61,1.19GB / 295MB,12.8MB / 40.1MB
2025-12-16 16:33:36,178,6.55,47.54,7837.7,0.61,1.19GB / 295MB,12.8MB / 40.1MB
2025-12-16 16:33:53,178,9.22,47.86,7837.7,0.61,1.19GB / 295MB,12.8MB / 40.1MB
2025-12-16 16:34:09,179,5.98,47.65,7837.7,0.61,1.19GB / 296MB,12.8MB / 40.1MB
2025-12-16 16:34:25,179,12.08,47.71,7837.7,0.61,1.19GB / 296MB,12.8MB / 40.1MB
2025-12-16 16:34:43,179,28.95,47.76,7837.7,0.61,1.2GB / 297MB,12.8MB / 40.1MB
2025-12-16 16:35:03,180,22.29,47.82,7837.7,0.61,1.2GB / 297MB,12.8MB / 40.1MB
2025-12-16 16:35:20,180,9.02,47.88,7837.7,0.61,1.2GB / 298MB,12.8MB / 40.1MB
2025-12-16 16:35:38,180,9.33,47.93,7837.7,0.61,1.2GB / 298MB,12.8MB / 40.1MB
2025-12-16 16:35:56,180,37.28,48,7837.7,0.61,1.2GB / 299MB,12.8MB / 40.1MB
2025-12-16 16:36:20,181,12.71,48.05,7837.7,0.61,1.21GB / 299MB,12.8MB / 40.1MB
2025-12-16 16:36:38,181,13.19,48.11,7837.7,0.61,1.21GB / 300MB,12.8MB / 40.1MB
2025-12-16 16:36:56,181,10.33,48.17,7837.7,0.61,1.21GB / 300MB,12.8MB / 40.1MB
2025-12-16 16:37:15,182,10.50,48.23,7837.7,0.62,1.21GB / 301MB,12.8MB / 40.1MB
2025-12-16 16:37:31,182,6.80,48.29,7837.7,0.62,1.21GB / 301MB,12.8MB / 40.1MB
2025-12-16 16:37:47,182,10.16,48.35,7837.7,0.62,1.22GB / 302MB,12.8MB / 40.1MB
2025-12-16 16:38:04,183,14.78,48.4,7837.7,0.62,1.22GB / 302MB,12.8MB / 40.1MB
2025-12-16 16:38:22,183,11.65,48.46,7837.7,0.62,1.22GB / 303MB,12.8MB / 40.1MB
2025-12-16 16:38:39,183,15.51,48.52,7837.7,0.62,1.22GB / 303MB,12.8MB / 40.1MB
2025-12-16 16:38:58,183,6.37,48.57,7837.7,0.62,1.22GB / 304MB,12.8MB / 40.1MB
2025-12-16 16:39:14,184,8.44,48.64,7837.7,0.62,1.23GB / 304MB,12.8MB / 40.1MB
2025-12-16 16:39:30,184,7.12,48.68,7837.7,0.62,1.23GB / 305MB,12.8MB / 40.1MB
2025-12-16 16:39:49,184,5.53,48.74,7837.7,0.62,1.23GB / 305MB,12.8MB / 40.1MB
2025-12-16 16:40:06,185,8.86,48.8,7837.7,0.62,1.23GB / 306MB,12.8MB / 40.1MB
2025-12-16 16:40:23,185,10.62,48.86,7837.7,0.62,1.23GB / 306MB,12.8MB / 40.1MB
2025-12-16 16:40:43,185,7.55,48.92,7837.7,0.62,1.24GB / 307MB,12.8MB / 40.1MB
2025-12-16 16:41:00,185,9.43,48.98,7837.7,0.62,1.24GB / 307MB,12.8MB / 40.1MB
2025-12-16 16:41:17,186,10.54,49.31,7837.7,0.63,1.24GB / 308MB,12.8MB / 40.1MB
2025-12-16 16:41:34,186,7.72,49.09,7837.7,0.63,1.24GB / 308MB,12.8MB / 40.1MB
2025-12-16 16:41:50,186,11.97,49.15,7837.7,0.63,1.24GB / 309MB,12.8MB / 40.1MB
2025-12-16 16:42:09,187,8.57,49.2,7837.7,0.63,1.25GB / 309MB,12.8MB / 40.1MB
2025-12-16 16:42:25,187,5.68,49.25,7837.7,0.63,1.25GB / 309MB,12.8MB / 40.1MB
2025-12-16 16:42:41,187,5.92,49.31,7837.7,0.63,1.25GB / 310MB,12.8MB / 40.1MB
2025-12-16 16:42:59,187,7.66,49.39,7837.7,0.63,1.25GB / 310MB,12.8MB / 40.1MB
2025-12-16 16:43:15,188,10.78,49.45,7837.7,0.63,1.25GB / 311MB,12.8MB / 40.1MB
2025-12-16 16:43:33,188,8.48,49.48,7837.7,0.63,1.25GB / 311MB,12.8MB / 40.1MB
2025-12-16 16:43:50,188,8.34,49.54,7837.7,0.63,1.26GB / 312MB,12.8MB / 40.1MB
2025-12-16 16:44:07,189,9.30,49.59,7837.7,0.63,1.26GB / 312MB,12.8MB / 40.1MB
2025-12-16 16:44:23,189,6.17,49.66,7837.7,0.63,1.26GB / 313MB,12.8MB / 40.1MB
2025-12-16 16:44:41,189,6.73,49.71,7837.7,0.63,1.26GB / 313MB,12.8MB / 40.1MB
2025-12-16 16:44:57,189,6.91,49.77,7837.7,0.63,1.26GB / 314MB,12.8MB / 40.1MB
2025-12-16 16:45:13,190,6.37,49.82,7837.7,0.64,1.27GB / 314MB,12.8MB / 40.1MB
2025-12-16 16:45:30,190,10.19,49.88,7837.7,0.64,1.27GB / 315MB,12.8MB / 40.1MB
2025-12-16 16:45:48,190,6.03,49.94,7837.7,0.64,1.27GB / 315MB,12.8MB / 40.1MB
2025-12-16 16:46:05,191,8.17,49.98,7837.7,0.64,1.27GB / 316MB,12.8MB / 40.1MB
2025-12-16 16:46:21,191,11.06,50.04,7837.7,0.64,1.27GB / 316MB,12.8MB / 40.1MB
2025-12-16 16:46:39,191,12.73,50.1,7837.7,0.64,1.28GB / 316MB,12.8MB / 40.1MB
2025-12-16 16:46:55,191,8.77,50.16,7837.7,0.64,1.28GB / 317MB,12.8MB / 40.1MB
2025-12-16 16:47:12,192,7.43,50.21,7837.7,0.64,1.28GB / 317MB,12.8MB / 40.1MB
2025-12-16 16:47:29,192,8.87,50.27,7837.7,0.64,1.28GB / 318MB,12.8MB / 40.1MB
2025-12-16 16:47:45,192,7.02,50.32,7837.7,0.64,1.28GB / 318MB,12.8MB / 40.1MB
2025-12-16 16:48:01,193,7.02,50.38,7837.7,0.64,1.28GB / 319MB,12.8MB / 40.1MB
2025-12-16 16:48:17,193,9.05,50.44,7837.7,0.64,1.29GB / 319MB,12.8MB / 40.1MB
2025-12-16 16:48:35,193,13.69,50.75,7837.7,0.65,1.29GB / 320MB,12.8MB / 40.1MB
2025-12-16 16:48:52,193,10.92,50.55,7837.7,0.65,1.29GB / 320MB,12.8MB / 40.1MB
2025-12-16 16:49:09,194,12.31,50.61,7837.7,0.65,1.29GB / 321MB,12.8MB / 40.1MB
2025-12-16 16:49:27,194,8.70,50.68,7837.7,0.65,1.29GB / 321MB,12.8MB / 40.1MB
2025-12-16 16:49:47,194,18.36,50.73,7837.7,0.65,1.3GB / 322MB,12.8MB / 40.1MB
2025-12-16 16:50:05,195,7.24,50.78,7837.7,0.65,1.3GB / 322MB,12.8MB / 40.1MB
2025-12-16 16:50:22,195,6.08,50.83,7837.7,0.65,1.3GB / 323MB,12.8MB / 40.1MB
2025-12-16 16:50:41,195,6.86,50.9,7837.7,0.65,1.3GB / 323MB,12.8MB / 40.1MB
2025-12-16 16:50:58,195,9.04,50.96,7837.7,0.65,1.3GB / 324MB,12.8MB / 40.1MB
2025-12-16 16:51:15,196,8.64,51.02,7837.7,0.65,1.31GB / 324MB,12.8MB / 40.1MB
2025-12-16 16:51:32,196,6.25,51.07,7837.7,0.65,1.31GB / 325MB,12.8MB / 40.1MB
2025-12-16 16:51:50,196,5.87,51.13,7837.7,0.65,1.31GB / 325MB,12.8MB / 40.1MB
2025-12-16 16:52:06,197,21.51,51.19,7837.7,0.65,1.31GB / 326MB,12.8MB / 40.1MB
2025-12-16 16:52:25,197,12.02,51.25,7837.7,0.65,1.31GB / 326MB,12.8MB / 40.1MB
2025-12-16 16:52:43,197,8.46,51.3,7837.7,0.65,1.32GB / 327MB,12.8MB / 40.1MB
2025-12-16 16:53:01,198,9.54,51.36,7837.7,0.66,1.32GB / 327MB,12.8MB / 40.1MB
2025-12-16 16:53:18,198,8.74,51.42,7837.7,0.66,1.32GB / 327MB,12.8MB / 40.1MB
2025-12-16 16:53:35,198,7.12,51.47,7837.7,0.66,1.32GB / 328MB,12.8MB / 40.1MB
2025-12-16 16:53:50,198,10.77,51.54,7837.7,0.66,1.32GB / 328MB,12.8MB / 40.1MB
2025-12-16 16:54:07,199,7.50,51.59,7837.7,0.66,1.33GB / 329MB,12.8MB / 40.1MB
2025-12-16 16:54:24,199,16.20,51.64,7837.7,0.66,1.33GB / 329MB,12.8MB / 40.1MB
2025-12-16 16:54:55,199,28.88,51.64,7837.7,0.66,1.33GB / 330MB,12.8MB / 40.1MB
2025-12-16 16:57:29,202,22.69,51.93,7837.7,0.66,1.33GB / 330MB,12.8MB / 40.1MB
2025-12-16 16:57:55,202,31.18,51.79,7837.7,0.66,1.33GB / 331MB,12.8MB / 40.1MB
2025-12-16 17:24:49,229,23.61,51.85,7837.7,0.66,1.34GB / 331MB,12.8MB / 40.1MB
2025-12-16 17:25:55,230,27.27,51.92,7837.7,0.66,1.34GB / 332MB,12.8MB / 40.1MB
2025-12-16 17:26:23,231,0.95,51.97,7837.7,0.66,1.34GB / 333MB,12.8MB / 40.1MB
2025-12-16 18:31:42,296,0.15,51.93,7837.7,0.66,1.34GB / 333MB,12.8MB / 40.1MB
