timestamp,elapsed_min,gen0,gen1,gen2,collected,total_objects
2025-12-14 11:36:26,0,43,8,0,0,51
2025-12-14 11:36:44,0,43,8,0,0,51
2025-12-14 11:37:03,0,43,8,0,0,51
2025-12-14 11:37:19,0,43,8,0,0,51
2025-12-14 11:37:37,1,43,8,0,0,51
2025-12-14 11:37:59,1,43,8,0,0,51
2025-12-14 11:38:16,1,43,8,0,0,51
2025-12-14 11:38:33,2,43,8,0,0,51
2025-12-14 11:38:50,2,43,8,0,0,51
2025-12-14 11:39:08,2,43,8,0,0,51
2025-12-14 11:39:24,2,43,8,0,0,51
2025-12-14 11:39:41,3,43,8,0,0,51
2025-12-14 11:39:58,3,43,8,0,0,51
2025-12-14 11:40:15,3,43,8,0,0,51
2025-12-14 11:40:33,4,43,8,0,0,51
2025-12-14 11:40:50,4,43,8,0,0,51
2025-12-14 11:41:06,4,43,8,0,0,51
2025-12-14 11:41:23,4,43,8,0,0,51
2025-12-14 11:41:39,5,43,8,0,0,51
2025-12-14 11:41:56,5,43,8,0,0,51
2025-12-14 11:42:13,5,43,8,0,0,51
2025-12-14 11:42:28,6,43,8,0,0,51
2025-12-14 11:42:44,6,43,8,0,0,51
2025-12-14 11:43:02,6,43,8,0,0,51
2025-12-14 11:43:20,6,43,8,0,0,51
2025-12-14 11:43:37,7,43,8,0,0,51
2025-12-14 11:43:55,7,43,8,0,0,51
2025-12-14 11:44:12,7,43,8,0,0,51
2025-12-14 11:44:28,8,43,8,0,0,51
2025-12-14 11:44:44,8,43,8,0,0,51
2025-12-14 11:45:02,8,43,8,0,0,51
2025-12-14 11:45:20,8,43,8,0,0,51
2025-12-14 11:45:37,9,43,8,0,0,51
2025-12-14 11:45:53,9,43,8,0,0,51
2025-12-14 11:46:10,9,43,8,0,0,51
2025-12-14 11:46:26,10,43,8,0,0,51
2025-12-14 11:46:43,10,43,8,0,0,51
2025-12-14 11:47:00,10,43,8,0,0,51
2025-12-14 11:47:17,10,43,8,0,0,51
2025-12-14 11:47:33,11,43,8,0,0,51
2025-12-14 11:47:50,11,43,8,0,0,51
2025-12-14 11:48:07,11,43,8,0,0,51
2025-12-14 11:48:25,11,43,8,0,0,51
2025-12-14 11:48:42,12,43,8,0,0,51
2025-12-14 11:48:59,12,43,8,0,0,51
2025-12-14 11:49:15,12,43,8,0,0,51
2025-12-14 11:49:32,13,43,8,0,0,51
2025-12-14 11:49:49,13,43,8,0,0,51
2025-12-14 11:50:08,13,43,8,0,0,51
2025-12-14 11:50:25,13,43,8,0,0,51
2025-12-14 11:50:41,14,43,8,0,0,51
2025-12-14 11:50:58,14,43,8,0,0,51
2025-12-14 11:51:15,14,43,8,0,0,51
2025-12-14 11:51:32,15,43,8,0,0,51
2025-12-14 11:51:49,15,43,8,0,0,51
2025-12-14 11:52:06,15,43,8,0,0,51
2025-12-14 11:52:23,15,43,8,0,0,51
2025-12-14 11:52:39,16,43,8,0,0,51
2025-12-14 11:52:54,16,43,8,0,0,51
2025-12-14 11:53:10,16,43,8,0,0,51
2025-12-14 11:53:26,17,43,8,0,0,51
2025-12-14 11:53:42,17,43,8,0,0,51
2025-12-14 11:53:58,17,43,8,0,0,51
2025-12-14 11:54:14,17,43,8,0,0,51
2025-12-14 11:54:30,18,43,8,0,0,51
2025-12-14 11:54:46,18,43,8,0,0,51
2025-12-14 11:55:02,18,43,8,0,0,51
2025-12-14 11:55:18,18,43,8,0,0,51
2025-12-14 11:55:33,19,43,8,0,0,51
2025-12-14 11:55:49,19,43,8,0,0,51
2025-12-14 11:56:04,19,43,8,0,0,51
2025-12-14 11:56:20,19,43,8,0,0,51
2025-12-14 11:56:36,20,43,8,0,0,51
2025-12-14 11:56:53,20,43,8,0,0,51
2025-12-14 11:57:09,20,43,8,0,0,51
2025-12-14 11:57:25,20,43,8,0,0,51
2025-12-14 11:57:41,21,43,8,0,0,51
2025-12-14 11:57:56,21,43,8,0,0,51
2025-12-14 11:58:12,21,43,8,0,0,51
2025-12-14 11:58:29,22,43,8,0,0,51
2025-12-14 11:58:44,22,43,8,0,0,51
2025-12-14 11:59:01,22,43,8,0,0,51
2025-12-14 11:59:17,22,43,8,0,0,51
2025-12-14 11:59:34,23,43,8,0,0,51
2025-12-14 11:59:50,23,43,8,0,0,51
2025-12-14 12:00:06,23,43,8,0,0,51
2025-12-14 12:00:22,23,43,8,0,0,51
2025-12-14 12:00:38,24,43,8,0,0,51
2025-12-14 12:00:53,24,43,8,0,0,51
2025-12-14 12:01:08,24,43,8,0,0,51
2025-12-14 12:01:24,24,43,8,0,0,51
2025-12-14 12:01:40,25,43,8,0,0,51
2025-12-14 12:01:55,25,43,8,0,0,51
2025-12-14 12:02:12,25,43,8,0,0,51
2025-12-14 12:02:27,26,43,8,0,0,51
2025-12-14 12:02:43,26,43,8,0,0,51
2025-12-14 12:02:59,26,43,8,0,0,51
2025-12-14 12:03:20,26,43,8,0,0,51
2025-12-14 12:03:35,27,43,8,0,0,51
2025-12-14 12:03:52,27,43,8,0,0,51
2025-12-14 12:04:08,27,43,8,0,0,51
2025-12-14 12:04:25,27,43,8,0,0,51
2025-12-14 12:04:41,28,43,8,0,0,51
2025-12-14 12:04:58,28,43,8,0,0,51
2025-12-14 12:05:13,28,43,8,0,0,51
2025-12-14 12:05:29,29,43,8,0,0,51
2025-12-14 12:05:45,29,43,8,0,0,51
2025-12-14 12:06:00,29,43,8,0,0,51
2025-12-14 12:06:16,29,43,8,0,0,51
2025-12-14 12:06:32,30,43,8,0,0,51
2025-12-14 12:06:48,30,43,8,0,0,51
2025-12-14 12:07:05,30,43,8,0,0,51
2025-12-14 12:07:20,30,43,8,0,0,51
2025-12-14 12:07:36,31,43,8,0,0,51
2025-12-14 12:07:51,31,43,8,0,0,51
2025-12-14 12:08:07,31,43,8,0,0,51
2025-12-14 12:08:22,31,43,8,0,0,51
2025-12-14 12:08:39,32,43,8,0,0,51
2025-12-14 12:08:55,32,43,8,0,0,51
2025-12-14 12:09:11,32,43,8,0,0,51
2025-12-14 12:09:28,33,43,8,0,0,51
2025-12-14 12:09:43,33,43,8,0,0,51
2025-12-14 12:09:59,33,43,8,0,0,51
2025-12-14 12:10:15,33,43,8,0,0,51
2025-12-14 12:10:31,34,43,8,0,0,51
2025-12-14 12:10:48,34,43,8,0,0,51
2025-12-14 12:11:04,34,43,8,0,0,51
2025-12-14 12:11:21,34,43,8,0,0,51
2025-12-14 12:11:39,35,43,8,0,0,51
2025-12-14 12:11:55,35,43,8,0,0,51
2025-12-14 12:12:10,35,43,8,0,0,51
2025-12-14 12:12:26,36,43,8,0,0,51
2025-12-14 12:12:41,36,43,8,0,0,51
2025-12-14 12:12:58,36,43,8,0,0,51
2025-12-14 12:13:14,36,43,8,0,0,51
2025-12-14 12:13:30,37,43,8,0,0,51
2025-12-14 12:13:46,37,43,8,0,0,51
2025-12-14 12:14:03,37,43,8,0,0,51
2025-12-14 12:14:20,37,43,8,0,0,51
2025-12-14 12:14:37,38,43,8,0,0,51
2025-12-14 12:14:52,38,43,8,0,0,51
2025-12-14 12:15:08,38,43,8,0,0,51
2025-12-14 12:15:24,38,43,8,0,0,51
2025-12-14 12:15:39,39,43,8,0,0,51
2025-12-14 12:15:57,39,43,8,0,0,51
2025-12-14 12:16:13,39,43,8,0,0,51
2025-12-14 12:16:31,40,43,8,0,0,51
2025-12-14 12:16:49,40,43,8,0,0,51
2025-12-14 12:17:04,40,43,8,0,0,51
2025-12-14 12:17:19,40,43,8,0,0,51
2025-12-14 12:17:35,41,43,8,0,0,51
2025-12-14 12:17:50,41,43,8,0,0,51
2025-12-14 12:18:06,41,43,8,0,0,51
2025-12-14 12:18:21,41,43,8,0,0,51
2025-12-14 12:18:38,42,43,8,0,0,51
2025-12-14 12:18:53,42,43,8,0,0,51
2025-12-14 12:19:09,42,43,8,0,0,51
2025-12-14 12:19:25,42,43,8,0,0,51
2025-12-14 12:19:41,43,43,8,0,0,51
2025-12-14 12:19:57,43,43,8,0,0,51
2025-12-14 12:20:13,43,43,8,0,0,51
2025-12-14 12:20:29,44,43,8,0,0,51
2025-12-14 12:20:44,44,43,8,0,0,51
2025-12-14 12:21:00,44,43,8,0,0,51
2025-12-14 12:21:16,44,43,8,0,0,51
2025-12-14 12:21:31,45,43,8,0,0,51
2025-12-14 12:21:48,45,43,8,0,0,51
2025-12-14 12:22:04,45,43,8,0,0,51
2025-12-14 12:22:20,45,43,8,0,0,51
2025-12-14 12:22:36,46,43,8,0,0,51
2025-12-14 12:22:52,46,43,8,0,0,51
2025-12-14 12:23:09,46,43,8,0,0,51
2025-12-14 12:23:25,46,43,8,0,0,51
2025-12-14 12:23:41,47,43,8,0,0,51
2025-12-14 12:23:57,47,43,8,0,0,51
2025-12-14 12:24:13,47,43,8,0,0,51
2025-12-14 12:24:28,48,43,8,0,0,51
2025-12-14 12:24:44,48,43,8,0,0,51
2025-12-14 12:25:00,48,43,8,0,0,51
2025-12-14 12:25:15,48,43,8,0,0,51
2025-12-14 12:25:30,49,43,8,0,0,51
2025-12-14 12:25:47,49,43,8,0,0,51
2025-12-14 12:26:02,49,43,8,0,0,51
2025-12-14 12:26:18,49,43,8,0,0,51
2025-12-14 12:26:34,50,43,8,0,0,51
2025-12-14 12:26:50,50,43,8,0,0,51
2025-12-14 12:27:07,50,43,8,0,0,51
2025-12-14 12:27:22,50,43,8,0,0,51
2025-12-14 12:27:38,51,43,8,0,0,51
2025-12-14 12:27:54,51,43,8,0,0,51
2025-12-14 12:28:09,51,43,8,0,0,51
2025-12-14 12:28:26,52,43,8,0,0,51
2025-12-14 12:28:43,52,43,8,0,0,51
2025-12-14 12:28:59,52,43,8,0,0,51
2025-12-14 12:29:14,52,43,8,0,0,51
2025-12-14 12:29:30,53,43,8,0,0,51
2025-12-14 12:29:46,53,43,8,0,0,51
2025-12-14 12:30:02,53,43,8,0,0,51
2025-12-14 12:30:18,53,43,8,0,0,51
2025-12-14 12:30:33,54,43,8,0,0,51
2025-12-14 12:30:49,54,43,8,0,0,51
2025-12-14 12:31:05,54,43,8,0,0,51
2025-12-14 12:31:21,54,43,8,0,0,51
2025-12-14 12:31:37,55,43,8,0,0,51
2025-12-14 12:31:53,55,43,8,0,0,51
2025-12-14 12:32:09,55,43,8,0,0,51
2025-12-14 12:32:26,56,43,8,0,0,51
2025-12-14 12:32:42,56,43,8,0,0,51
2025-12-14 12:32:59,56,43,8,0,0,51
2025-12-14 12:33:20,56,43,8,0,0,51
2025-12-14 12:33:35,57,43,8,0,0,51
2025-12-14 12:33:51,57,43,8,0,0,51
2025-12-14 12:34:07,57,43,8,0,0,51
2025-12-14 12:34:24,57,43,8,0,0,51
2025-12-14 12:34:40,58,43,8,0,0,51
2025-12-14 12:34:55,58,43,8,0,0,51
2025-12-14 12:35:12,58,43,8,0,0,51
2025-12-14 12:35:29,59,43,8,0,0,51
2025-12-14 12:35:45,59,43,8,0,0,51
2025-12-14 12:36:01,59,43,8,0,0,51
2025-12-14 12:36:17,59,43,8,0,0,51
2025-12-14 12:36:33,60,43,8,0,0,51
2025-12-14 12:36:48,60,43,8,0,0,51
2025-12-14 12:37:04,60,43,8,0,0,51
2025-12-14 12:37:20,60,43,8,0,0,51
2025-12-14 12:37:36,61,43,8,0,0,51
2025-12-14 12:37:53,61,43,8,0,0,51
2025-12-14 12:38:09,61,43,8,0,0,51
2025-12-14 12:38:24,61,43,8,0,0,51
2025-12-14 12:38:40,62,43,8,0,0,51
2025-12-14 12:38:57,62,43,8,0,0,51
2025-12-14 12:39:13,62,43,8,0,0,51
2025-12-14 12:39:29,63,43,8,0,0,51
2025-12-14 12:39:44,63,43,8,0,0,51
2025-12-14 12:40:01,63,43,8,0,0,51
2025-12-14 12:40:17,63,43,8,0,0,51
2025-12-14 12:40:32,64,43,8,0,0,51
2025-12-14 12:40:48,64,43,8,0,0,51
2025-12-14 12:41:03,64,43,8,0,0,51
2025-12-14 12:41:20,64,43,8,0,0,51
2025-12-14 12:41:37,65,43,8,0,0,51
2025-12-14 12:41:53,65,43,8,0,0,51
2025-12-14 12:42:10,65,43,8,0,0,51
2025-12-14 12:42:25,65,43,8,0,0,51
2025-12-14 12:42:42,66,43,8,0,0,51
2025-12-14 12:42:58,66,43,8,0,0,51
2025-12-14 12:43:15,66,43,8,0,0,51
2025-12-14 12:43:32,67,43,8,0,0,51
2025-12-14 12:43:50,67,43,8,0,0,51
2025-12-14 12:44:07,67,43,8,0,0,51
2025-12-14 12:44:22,67,43,8,0,0,51
2025-12-14 12:44:39,68,43,8,0,0,51
2025-12-14 12:44:56,68,43,8,0,0,51
2025-12-14 12:45:12,68,43,8,0,0,51
2025-12-14 12:45:29,69,43,8,0,0,51
2025-12-14 12:45:45,69,43,8,0,0,51
2025-12-14 12:46:01,69,43,8,0,0,51
2025-12-14 12:46:17,69,43,8,0,0,51
2025-12-14 12:46:33,70,43,8,0,0,51
2025-12-14 12:46:49,70,43,8,0,0,51
2025-12-14 12:47:05,70,43,8,0,0,51
2025-12-14 12:47:22,70,43,8,0,0,51
2025-12-14 12:47:38,71,43,8,0,0,51
2025-12-14 12:47:54,71,43,8,0,0,51
2025-12-14 12:48:09,71,43,8,0,0,51
2025-12-14 12:48:25,71,43,8,0,0,51
2025-12-14 12:48:41,72,43,8,0,0,51
2025-12-14 12:48:57,72,43,8,0,0,51
2025-12-14 12:49:13,72,43,8,0,0,51
2025-12-14 12:49:30,73,43,8,0,0,51
2025-12-14 12:49:46,73,43,8,0,0,51
2025-12-14 12:50:01,73,43,8,0,0,51
2025-12-14 12:50:18,73,43,8,0,0,51
2025-12-14 12:50:34,74,43,8,0,0,51
2025-12-14 12:50:50,74,43,8,0,0,51
2025-12-14 12:51:06,74,43,8,0,0,51
2025-12-14 12:51:22,74,43,8,0,0,51
2025-12-14 12:51:39,75,43,8,0,0,51
2025-12-14 12:51:55,75,43,8,0,0,51
2025-12-14 12:52:11,75,43,8,0,0,51
2025-12-14 12:52:27,76,43,8,0,0,51
2025-12-14 12:52:43,76,43,8,0,0,51
2025-12-14 12:52:59,76,43,8,0,0,51
2025-12-14 12:53:15,76,43,8,0,0,51
2025-12-14 12:53:31,77,43,8,0,0,51
2025-12-14 12:53:47,77,43,8,0,0,51
2025-12-14 12:54:03,77,43,8,0,0,51
2025-12-14 12:54:19,77,43,8,0,0,51
2025-12-14 12:54:35,78,43,8,0,0,51
2025-12-14 12:54:51,78,43,8,0,0,51
2025-12-14 12:55:11,78,43,8,0,0,51
2025-12-14 12:55:27,79,43,8,0,0,51
2025-12-14 12:55:43,79,43,8,0,0,51
2025-12-14 12:55:59,79,43,8,0,0,51
2025-12-14 12:56:15,79,43,8,0,0,51
2025-12-14 12:56:31,80,43,8,0,0,51
2025-12-14 12:56:47,80,43,8,0,0,51
2025-12-14 12:57:03,80,43,8,0,0,51
2025-12-14 12:57:19,80,43,8,0,0,51
2025-12-14 12:57:35,81,43,8,0,0,51
2025-12-14 12:57:51,81,43,8,0,0,51
2025-12-14 12:58:09,81,43,8,0,0,51
2025-12-14 12:58:24,81,43,8,0,0,51
2025-12-14 12:58:41,82,43,8,0,0,51
2025-12-14 12:58:57,82,43,8,0,0,51
2025-12-14 12:59:12,82,43,8,0,0,51
2025-12-14 12:59:30,83,43,8,0,0,51
2025-12-14 12:59:46,83,43,8,0,0,51
2025-12-14 13:00:03,83,43,8,0,0,51
2025-12-14 13:00:20,83,43,8,0,0,51
2025-12-14 13:00:35,84,43,8,0,0,51
2025-12-14 13:00:52,84,43,8,0,0,51
2025-12-14 13:01:08,84,43,8,0,0,51
2025-12-14 13:01:23,84,43,8,0,0,51
2025-12-14 13:01:39,85,43,8,0,0,51
2025-12-14 13:01:55,85,43,8,0,0,51
2025-12-14 13:02:11,85,43,8,0,0,51
2025-12-14 13:02:28,86,43,8,0,0,51
2025-12-14 13:02:44,86,43,8,0,0,51
2025-12-14 13:03:00,86,43,8,0,0,51
2025-12-14 13:03:19,86,43,8,0,0,51
2025-12-14 13:03:35,87,43,8,0,0,51
2025-12-14 13:03:51,87,43,8,0,0,51
2025-12-14 13:04:07,87,43,8,0,0,51
2025-12-14 13:04:24,87,43,8,0,0,51
2025-12-14 13:04:39,88,43,8,0,0,51
2025-12-14 13:04:55,88,43,8,0,0,51
2025-12-14 13:05:14,88,43,8,0,0,51
2025-12-14 13:05:30,89,43,8,0,0,51
2025-12-14 13:05:45,89,43,8,0,0,51
2025-12-14 13:06:02,89,43,8,0,0,51
2025-12-14 13:06:18,89,43,8,0,0,51
2025-12-14 13:06:33,90,43,8,0,0,51
2025-12-14 13:06:50,90,43,8,0,0,51
2025-12-14 13:07:06,90,43,8,0,0,51
2025-12-14 13:07:22,90,43,8,0,0,51
2025-12-14 13:07:38,91,43,8,0,0,51
2025-12-14 13:07:55,91,43,8,0,0,51
2025-12-14 13:08:10,91,43,8,0,0,51
2025-12-14 13:08:26,92,43,8,0,0,51
2025-12-14 13:08:42,92,43,8,0,0,51
2025-12-14 13:08:59,92,43,8,0,0,51
2025-12-14 13:09:15,92,43,8,0,0,51
2025-12-14 13:09:30,93,43,8,0,0,51
2025-12-14 13:09:51,93,43,8,0,0,51
2025-12-14 13:10:09,93,43,8,0,0,51
2025-12-14 13:10:25,93,43,8,0,0,51
2025-12-14 13:10:41,94,43,8,0,0,51
2025-12-14 13:10:56,94,43,8,0,0,51
2025-12-14 13:11:12,94,43,8,0,0,51
2025-12-14 13:11:27,95,43,8,0,0,51
2025-12-14 13:11:42,95,43,8,0,0,51
2025-12-14 13:11:59,95,43,8,0,0,51
2025-12-14 13:12:15,95,43,8,0,0,51
2025-12-14 13:12:31,96,43,8,0,0,51
2025-12-14 13:12:47,96,43,8,0,0,51
2025-12-14 13:13:02,96,43,8,0,0,51
2025-12-14 13:13:19,96,43,8,0,0,51
2025-12-14 13:13:34,97,43,8,0,0,51
2025-12-14 13:13:51,97,43,8,0,0,51
2025-12-14 13:14:07,97,43,8,0,0,51
2025-12-14 13:14:22,97,43,8,0,0,51
2025-12-14 13:14:38,98,43,8,0,0,51
2025-12-14 13:14:53,98,43,8,0,0,51
2025-12-14 13:15:09,98,43,8,0,0,51
2025-12-14 13:15:24,98,43,8,0,0,51
2025-12-14 13:15:40,99,43,8,0,0,51
2025-12-14 13:15:55,99,43,8,0,0,51
2025-12-14 13:16:10,99,43,8,0,0,51
2025-12-14 13:16:26,100,43,8,0,0,51
2025-12-14 13:16:42,100,43,8,0,0,51
2025-12-14 13:16:57,100,43,8,0,0,51
2025-12-14 13:17:13,100,43,8,0,0,51
2025-12-14 13:17:29,101,43,8,0,0,51
2025-12-14 13:17:44,101,43,8,0,0,51
2025-12-14 13:18:00,101,43,8,0,0,51
2025-12-14 13:18:16,101,43,8,0,0,51
2025-12-14 13:18:31,102,43,8,0,0,51
2025-12-14 13:18:46,102,43,8,0,0,51
2025-12-14 13:19:01,102,43,8,0,0,51
2025-12-14 13:19:17,102,43,8,0,0,51
2025-12-14 13:19:32,103,43,8,0,0,51
2025-12-14 13:19:48,103,43,8,0,0,51
2025-12-14 13:20:03,103,43,8,0,0,51
2025-12-14 13:20:20,103,43,8,0,0,51
2025-12-14 13:20:35,104,43,8,0,0,51
2025-12-14 13:20:51,104,43,8,0,0,51
2025-12-14 13:21:07,104,43,8,0,0,51
2025-12-14 13:21:22,104,43,8,0,0,51
2025-12-14 13:21:40,105,43,8,0,0,51
2025-12-14 13:21:55,105,43,8,0,0,51
2025-12-14 13:22:10,105,43,8,0,0,51
2025-12-14 13:22:25,105,43,8,0,0,51
2025-12-14 13:22:41,106,43,8,0,0,51
2025-12-14 13:22:57,106,43,8,0,0,51
2025-12-14 13:23:12,106,43,8,0,0,51
2025-12-14 13:23:28,107,43,8,0,0,51
2025-12-14 13:23:44,107,43,8,0,0,51
2025-12-14 13:24:00,107,43,8,0,0,51
2025-12-14 13:24:15,107,43,8,0,0,51
2025-12-14 13:24:31,108,43,8,0,0,51
2025-12-14 13:24:47,108,43,8,0,0,51
2025-12-14 13:25:02,108,43,8,0,0,51
2025-12-14 13:25:18,108,43,8,0,0,51
2025-12-14 13:25:34,109,43,8,0,0,51
2025-12-14 13:25:49,109,43,8,0,0,51
2025-12-14 13:26:05,109,43,8,0,0,51
2025-12-14 13:26:21,109,43,8,0,0,51
2025-12-14 13:26:36,110,43,8,0,0,51
2025-12-14 13:26:51,110,43,8,0,0,51
2025-12-14 13:27:07,110,43,8,0,0,51
2025-12-14 13:27:23,110,43,8,0,0,51
2025-12-14 13:27:38,111,43,8,0,0,51
2025-12-14 13:27:54,111,43,8,0,0,51
2025-12-14 13:28:10,111,43,8,0,0,51
2025-12-14 13:28:26,112,43,8,0,0,51
2025-12-14 13:28:41,112,43,8,0,0,51
2025-12-14 13:28:57,112,43,8,0,0,51
2025-12-14 13:29:12,112,43,8,0,0,51
2025-12-14 13:29:28,113,43,8,0,0,51
2025-12-14 13:29:44,113,43,8,0,0,51
2025-12-14 13:29:59,113,43,8,0,0,51
2025-12-14 13:30:15,113,43,8,0,0,51
2025-12-14 13:30:31,114,43,8,0,0,51
2025-12-14 13:30:47,114,43,8,0,0,51
2025-12-14 13:31:03,114,43,8,0,0,51
2025-12-14 13:31:18,114,43,8,0,0,51
2025-12-14 13:31:33,115,43,8,0,0,51
2025-12-14 13:31:50,115,43,8,0,0,51
2025-12-14 13:32:06,115,43,8,0,0,51
2025-12-14 13:32:22,115,43,8,0,0,51
2025-12-14 13:32:37,116,43,8,0,0,51
2025-12-14 13:32:52,116,43,8,0,0,51
2025-12-14 13:33:10,116,43,8,0,0,51
2025-12-14 13:33:25,116,43,8,0,0,51
2025-12-14 13:33:40,117,43,8,0,0,51
2025-12-14 13:33:56,117,43,8,0,0,51
2025-12-14 13:34:11,117,43,8,0,0,51
2025-12-14 13:34:26,118,43,8,0,0,51
2025-12-14 13:34:42,118,43,8,0,0,51
2025-12-14 13:34:58,118,43,8,0,0,51
2025-12-14 13:35:13,118,43,8,0,0,51
2025-12-14 13:35:29,119,43,8,0,0,51
2025-12-14 13:35:45,119,43,8,0,0,51
2025-12-14 13:36:00,119,43,8,0,0,51
2025-12-14 13:36:16,119,43,8,0,0,51
2025-12-14 13:36:31,120,43,8,0,0,51
2025-12-14 13:36:47,120,43,8,0,0,51
2025-12-14 13:37:02,120,43,8,0,0,51
2025-12-14 13:37:18,120,43,8,0,0,51
2025-12-14 13:37:33,121,43,8,0,0,51
2025-12-14 13:37:50,121,43,8,0,0,51
2025-12-14 13:38:06,121,43,8,0,0,51
2025-12-14 13:38:22,121,43,8,0,0,51
2025-12-14 13:38:37,122,43,8,0,0,51
2025-12-14 13:38:53,122,43,8,0,0,51
2025-12-14 13:39:09,122,43,8,0,0,51
2025-12-14 13:39:25,122,43,8,0,0,51
2025-12-14 13:39:41,123,43,8,0,0,51
2025-12-14 13:39:56,123,43,8,0,0,51
2025-12-14 13:40:13,123,43,8,0,0,51
2025-12-14 13:40:28,124,43,8,0,0,51
2025-12-14 13:40:45,124,43,8,0,0,51
2025-12-14 13:41:00,124,43,8,0,0,51
2025-12-14 13:41:16,124,43,8,0,0,51
2025-12-14 13:41:32,125,43,8,0,0,51
2025-12-14 13:41:47,125,43,8,0,0,51
2025-12-14 13:42:03,125,43,8,0,0,51
2025-12-14 13:42:19,125,43,8,0,0,51
2025-12-14 13:42:34,126,43,8,0,0,51
2025-12-14 13:42:51,126,43,8,0,0,51
2025-12-14 13:43:06,126,43,8,0,0,51
2025-12-14 13:43:22,126,43,8,0,0,51
2025-12-14 13:43:37,127,43,8,0,0,51
2025-12-14 13:43:54,127,43,8,0,0,51
2025-12-14 13:44:10,127,43,8,0,0,51
2025-12-14 13:44:25,127,43,8,0,0,51
2025-12-14 13:44:41,128,43,8,0,0,51
2025-12-14 13:44:57,128,43,8,0,0,51
2025-12-14 13:45:13,128,43,8,0,0,51
2025-12-14 13:45:29,129,43,8,0,0,51
2025-12-14 13:45:44,129,43,8,0,0,51
2025-12-14 13:45:59,129,43,8,0,0,51
2025-12-14 13:46:15,129,43,8,0,0,51
2025-12-14 13:46:31,130,43,8,0,0,51
2025-12-14 13:46:47,130,43,8,0,0,51
2025-12-14 13:47:03,130,43,8,0,0,51
2025-12-14 13:47:19,130,43,8,0,0,51
2025-12-14 13:47:34,131,43,8,0,0,51
2025-12-14 13:47:49,131,43,8,0,0,51
2025-12-14 13:48:05,131,43,8,0,0,51
2025-12-14 13:48:22,131,43,8,0,0,51
2025-12-14 13:48:38,132,43,8,0,0,51
2025-12-14 13:48:54,132,43,8,0,0,51
2025-12-14 13:49:10,132,43,8,0,0,51
2025-12-14 13:49:25,132,43,8,0,0,51
2025-12-14 13:49:41,133,43,8,0,0,51
2025-12-14 13:49:56,133,43,8,0,0,51
2025-12-14 13:50:11,133,43,8,0,0,51
2025-12-14 13:50:27,134,43,8,0,0,51
2025-12-14 13:50:43,134,43,8,0,0,51
2025-12-14 13:51:00,134,43,8,0,0,51
2025-12-14 13:51:16,134,43,8,0,0,51
2025-12-14 13:51:32,135,43,8,0,0,51
2025-12-14 13:51:48,135,43,8,0,0,51
2025-12-14 13:52:04,135,43,8,0,0,51
2025-12-14 13:52:20,135,43,8,0,0,51
2025-12-14 13:52:35,136,43,8,0,0,51
2025-12-14 13:52:51,136,43,8,0,0,51
2025-12-14 13:53:07,136,43,8,0,0,51
2025-12-14 13:53:22,136,43,8,0,0,51
2025-12-14 13:53:38,137,43,8,0,0,51
2025-12-14 13:53:53,137,43,8,0,0,51
2025-12-14 13:54:09,137,43,8,0,0,51
2025-12-14 13:54:24,137,43,8,0,0,51
2025-12-14 13:54:40,138,43,8,0,0,51
2025-12-14 13:54:56,138,43,8,0,0,51
2025-12-14 13:55:11,138,43,8,0,0,51
2025-12-14 13:55:27,139,43,8,0,0,51
2025-12-14 13:55:42,139,43,8,0,0,51
2025-12-14 13:55:58,139,43,8,0,0,51
2025-12-14 13:56:14,139,43,8,0,0,51
2025-12-14 13:56:30,140,43,8,0,0,51
2025-12-14 13:56:46,140,43,8,0,0,51
2025-12-14 13:57:01,140,43,8,0,0,51
2025-12-14 13:57:17,140,43,8,0,0,51
2025-12-14 13:57:33,141,43,8,0,0,51
2025-12-14 13:57:50,141,43,8,0,0,51
2025-12-14 13:58:05,141,43,8,0,0,51
2025-12-14 13:58:22,141,43,8,0,0,51
2025-12-14 13:58:38,142,43,8,0,0,51
2025-12-14 13:58:53,142,43,8,0,0,51
2025-12-14 13:59:09,142,43,8,0,0,51
2025-12-14 13:59:24,142,43,8,0,0,51
2025-12-14 13:59:40,143,43,8,0,0,51
2025-12-14 13:59:55,143,43,8,0,0,51
2025-12-14 14:00:12,143,43,8,0,0,51
2025-12-14 14:00:28,144,43,8,0,0,51
2025-12-14 14:00:43,144,43,8,0,0,51
2025-12-14 14:01:00,144,43,8,0,0,51
2025-12-14 14:01:15,144,43,8,0,0,51
2025-12-14 14:01:31,145,43,8,0,0,51
2025-12-14 14:01:46,145,43,8,0,0,51
2025-12-14 14:02:03,145,43,8,0,0,51
2025-12-14 14:02:19,145,43,8,0,0,51
2025-12-14 14:02:34,146,43,8,0,0,51
2025-12-14 14:02:50,146,43,8,0,0,51
2025-12-14 14:03:05,146,43,8,0,0,51
2025-12-14 14:03:22,146,43,8,0,0,51
2025-12-14 14:03:38,147,43,8,0,0,51
2025-12-14 14:03:54,147,43,8,0,0,51
2025-12-14 14:04:10,147,43,8,0,0,51
2025-12-14 14:04:25,147,43,8,0,0,51
2025-12-14 14:04:40,148,43,8,0,0,51
2025-12-14 14:04:55,148,43,8,0,0,51
2025-12-14 14:05:11,148,43,8,0,0,51
2025-12-14 14:05:26,149,43,8,0,0,51
2025-12-14 14:05:42,149,43,8,0,0,51
2025-12-14 14:05:58,149,43,8,0,0,51
2025-12-14 14:06:13,149,43,8,0,0,51
2025-12-14 14:06:29,150,43,8,0,0,51
2025-12-14 14:06:44,150,43,8,0,0,51
2025-12-14 14:07:00,150,43,8,0,0,51
2025-12-14 14:07:15,150,43,8,0,0,51
2025-12-14 14:07:31,151,43,8,0,0,51
2025-12-14 14:07:47,151,43,8,0,0,51
2025-12-14 14:08:03,151,43,8,0,0,51
2025-12-14 14:08:19,151,43,8,0,0,51
2025-12-14 14:08:34,152,43,8,0,0,51
2025-12-14 14:08:51,152,43,8,0,0,51
2025-12-14 14:09:06,152,43,8,0,0,51
2025-12-14 14:09:22,152,43,8,0,0,51
2025-12-14 14:09:38,153,43,8,0,0,51
2025-12-14 14:09:53,153,43,8,0,0,51
2025-12-14 14:10:09,153,43,8,0,0,51
2025-12-14 14:10:25,153,43,8,0,0,51
2025-12-14 14:10:40,154,43,8,0,0,51
2025-12-14 14:10:56,154,43,8,0,0,51
2025-12-14 14:11:13,154,43,8,0,0,51
2025-12-14 14:11:28,155,43,8,0,0,51
2025-12-14 14:11:43,155,43,8,0,0,51
2025-12-14 14:11:59,155,43,8,0,0,51
2025-12-14 14:12:14,155,43,8,0,0,51
2025-12-14 14:12:30,156,43,8,0,0,51
2025-12-14 14:12:45,156,43,8,0,0,51
2025-12-14 14:13:00,156,43,8,0,0,51
2025-12-14 14:13:16,156,43,8,0,0,51
2025-12-14 14:13:32,157,43,8,0,0,51
2025-12-14 14:13:47,157,43,8,0,0,51
2025-12-14 14:14:02,157,43,8,0,0,51
2025-12-14 14:14:18,157,43,8,0,0,51
2025-12-14 14:14:33,158,43,8,0,0,51
2025-12-14 14:14:49,158,43,8,0,0,51
2025-12-14 14:15:04,158,43,8,0,0,51
2025-12-14 14:15:20,158,43,8,0,0,51
2025-12-14 14:15:36,159,43,8,0,0,51
2025-12-14 14:15:51,159,43,8,0,0,51
2025-12-14 14:16:07,159,43,8,0,0,51
2025-12-14 14:16:22,159,43,8,0,0,51
2025-12-14 14:16:37,160,43,8,0,0,51
2025-12-14 14:16:52,160,43,8,0,0,51
2025-12-14 14:17:08,160,43,8,0,0,51
2025-12-14 14:17:23,160,43,8,0,0,51
2025-12-14 14:17:39,161,43,8,0,0,51
2025-12-14 14:17:55,161,43,8,0,0,51
2025-12-14 14:18:10,161,43,8,0,0,51
2025-12-14 14:18:26,162,43,8,0,0,51
2025-12-14 14:18:42,162,43,8,0,0,51
2025-12-14 14:18:58,162,43,8,0,0,51
2025-12-14 14:19:13,162,43,8,0,0,51
2025-12-14 14:19:29,163,43,8,0,0,51
2025-12-14 14:19:44,163,43,8,0,0,51
2025-12-14 14:20:00,163,43,8,0,0,51
2025-12-14 14:20:16,163,43,8,0,0,51
2025-12-14 14:20:32,164,43,8,0,0,51
2025-12-14 14:20:48,164,43,8,0,0,51
2025-12-14 14:21:04,164,43,8,0,0,51
2025-12-14 14:21:19,164,43,8,0,0,51
2025-12-14 14:21:34,165,43,8,0,0,51
2025-12-14 14:21:50,165,43,8,0,0,51
2025-12-14 14:22:05,165,43,8,0,0,51
2025-12-14 14:22:21,165,43,8,0,0,51
2025-12-14 14:22:37,166,43,8,0,0,51
2025-12-14 14:22:53,166,43,8,0,0,51
2025-12-14 14:23:08,166,43,8,0,0,51
2025-12-14 14:23:23,166,43,8,0,0,51
2025-12-14 14:23:39,167,43,8,0,0,51
2025-12-14 14:23:54,167,43,8,0,0,51
2025-12-14 14:24:10,167,43,8,0,0,51
2025-12-14 14:24:25,167,43,8,0,0,51
2025-12-14 14:24:40,168,43,8,0,0,51
2025-12-14 14:24:56,168,43,8,0,0,51
2025-12-14 14:25:12,168,43,8,0,0,51
2025-12-14 14:25:28,169,43,8,0,0,51
2025-12-14 14:25:43,169,43,8,0,0,51
2025-12-14 14:25:58,169,43,8,0,0,51
2025-12-14 14:26:13,169,43,8,0,0,51
2025-12-14 14:26:29,170,43,8,0,0,51
2025-12-14 14:26:44,170,43,8,0,0,51
2025-12-14 14:27:00,170,43,8,0,0,51
2025-12-14 14:27:15,170,43,8,0,0,51
2025-12-14 14:27:30,171,43,8,0,0,51
2025-12-14 14:27:46,171,43,8,0,0,51
2025-12-14 14:28:02,171,43,8,0,0,51
2025-12-14 14:28:17,171,43,8,0,0,51
2025-12-14 14:28:32,172,43,8,0,0,51
2025-12-14 14:28:47,172,43,8,0,0,51
2025-12-14 14:29:03,172,43,8,0,0,51
2025-12-14 14:29:19,172,43,8,0,0,51
2025-12-14 14:29:34,173,43,8,0,0,51
2025-12-14 14:29:51,173,43,8,0,0,51
2025-12-14 14:30:06,173,43,8,0,0,51
2025-12-14 14:30:22,173,43,8,0,0,51
2025-12-14 14:30:37,174,43,8,0,0,51
2025-12-14 14:30:54,174,43,8,0,0,51
2025-12-14 14:31:09,174,43,8,0,0,51
2025-12-14 14:31:24,174,43,8,0,0,51
2025-12-14 14:31:41,175,43,8,0,0,51
2025-12-14 14:31:57,175,43,8,0,0,51
2025-12-14 14:32:13,175,43,8,0,0,51
2025-12-14 14:32:29,176,43,8,0,0,51
2025-12-14 14:32:45,176,43,8,0,0,51
2025-12-14 14:33:01,176,43,8,0,0,51
2025-12-14 14:33:18,176,43,8,0,0,51
2025-12-14 14:33:33,177,43,8,0,0,51
2025-12-14 14:33:49,177,43,8,0,0,51
2025-12-14 14:34:04,177,43,8,0,0,51
2025-12-14 14:34:20,177,43,8,0,0,51
2025-12-14 14:34:36,178,43,8,0,0,51
2025-12-14 14:34:51,178,43,8,0,0,51
2025-12-14 14:35:07,178,43,8,0,0,51
2025-12-14 14:35:22,178,43,8,0,0,51
2025-12-14 14:35:38,179,43,8,0,0,51
2025-12-14 14:35:53,179,43,8,0,0,51
2025-12-14 14:36:09,179,43,8,0,0,51
2025-12-14 14:36:25,179,43,8,0,0,51
2025-12-14 14:36:40,180,43,8,0,0,51
2025-12-14 14:36:56,180,43,8,0,0,51
2025-12-14 14:37:11,180,43,8,0,0,51
2025-12-14 14:37:27,181,43,8,0,0,51
2025-12-14 14:37:42,181,43,8,0,0,51
2025-12-14 14:37:58,181,43,8,0,0,51
2025-12-14 14:38:14,181,43,8,0,0,51
2025-12-14 14:38:29,182,43,8,0,0,51
2025-12-14 14:38:45,182,43,8,0,0,51
2025-12-14 14:39:01,182,43,8,0,0,51
2025-12-14 14:39:17,182,43,8,0,0,51
2025-12-14 14:39:33,183,43,8,0,0,51
2025-12-14 14:39:48,183,43,8,0,0,51
2025-12-14 14:40:06,183,43,8,0,0,51
2025-12-14 14:40:22,183,43,8,0,0,51
2025-12-14 14:40:37,184,43,8,0,0,51
2025-12-14 14:40:53,184,43,8,0,0,51
2025-12-14 14:41:09,184,43,8,0,0,51
2025-12-14 14:41:24,184,43,8,0,0,51
2025-12-14 14:41:40,185,43,8,0,0,51
2025-12-14 14:41:55,185,43,8,0,0,51
2025-12-14 14:42:11,185,43,8,0,0,51
2025-12-14 14:42:27,186,43,8,0,0,51
2025-12-14 14:42:43,186,43,8,0,0,51
2025-12-14 14:42:59,186,43,8,0,0,51
2025-12-14 14:43:15,186,43,8,0,0,51
2025-12-14 14:43:30,187,43,8,0,0,51
2025-12-14 14:43:46,187,43,8,0,0,51
2025-12-14 14:44:01,187,43,8,0,0,51
2025-12-14 14:44:16,187,43,8,0,0,51
2025-12-14 14:44:32,188,43,8,0,0,51
2025-12-14 14:44:48,188,43,8,0,0,51
2025-12-14 14:45:04,188,43,8,0,0,51
2025-12-14 14:45:20,188,43,8,0,0,51
2025-12-14 14:45:36,189,43,8,0,0,51
2025-12-14 14:45:52,189,43,8,0,0,51
2025-12-14 14:46:07,189,43,8,0,0,51
2025-12-14 14:46:23,189,43,8,0,0,51
2025-12-14 14:46:38,190,43,8,0,0,51
2025-12-14 14:46:54,190,43,8,0,0,51
2025-12-14 14:47:09,190,43,8,0,0,51
2025-12-14 14:47:25,190,43,8,0,0,51
2025-12-14 14:47:40,191,43,8,0,0,51
2025-12-14 14:47:55,191,43,8,0,0,51
2025-12-14 14:48:11,191,43,8,0,0,51
2025-12-14 14:48:27,192,43,8,0,0,51
2025-12-14 14:48:42,192,43,8,0,0,51
2025-12-14 14:48:57,192,43,8,0,0,51
2025-12-14 14:49:13,192,43,8,0,0,51
2025-12-14 14:49:29,193,43,8,0,0,51
2025-12-14 14:49:44,193,43,8,0,0,51
2025-12-14 14:50:01,193,43,8,0,0,51
2025-12-14 14:50:16,193,43,8,0,0,51
2025-12-14 14:51:16,194,43,8,0,0,51
2025-12-14 14:51:32,195,43,8,0,0,51
2025-12-14 14:51:48,195,43,8,0,0,51
2025-12-14 14:52:04,195,43,8,0,0,51
2025-12-14 14:52:20,195,43,8,0,0,51
2025-12-14 14:52:35,196,43,8,0,0,51
2025-12-14 14:52:50,196,43,8,0,0,51
2025-12-14 14:53:05,196,43,8,0,0,51
2025-12-14 14:53:20,196,43,8,0,0,51
2025-12-14 14:53:36,197,43,8,0,0,51
2025-12-14 14:53:51,197,43,8,0,0,51
2025-12-14 14:54:06,197,43,8,0,0,51
2025-12-14 14:54:21,197,43,8,0,0,51
2025-12-14 14:54:37,198,43,8,0,0,51
2025-12-14 14:54:53,198,43,8,0,0,51
2025-12-14 14:55:08,198,43,8,0,0,51
2025-12-14 14:55:23,198,43,8,0,0,51
2025-12-14 14:55:39,199,43,8,0,0,51
2025-12-14 14:55:55,199,43,8,0,0,51
2025-12-14 14:56:10,199,43,8,0,0,51
2025-12-14 14:56:26,200,43,8,0,0,51
2025-12-14 14:56:42,200,43,8,0,0,51
2025-12-14 14:56:58,200,43,8,0,0,51
2025-12-14 14:57:15,200,43,8,0,0,51
2025-12-14 14:57:30,201,43,8,0,0,51
2025-12-14 14:57:47,201,43,8,0,0,51
2025-12-14 14:58:02,201,43,8,0,0,51
2025-12-14 14:58:18,201,43,8,0,0,51
2025-12-14 14:58:33,202,43,8,0,0,51
2025-12-14 14:58:50,202,43,8,0,0,51
2025-12-14 14:59:06,202,43,8,0,0,51
2025-12-14 14:59:22,202,43,8,0,0,51
2025-12-14 14:59:38,203,43,8,0,0,51
2025-12-14 14:59:53,203,43,8,0,0,51
2025-12-14 15:00:09,203,43,8,0,0,51
2025-12-14 15:00:25,203,43,8,0,0,51
2025-12-14 15:00:40,204,43,8,0,0,51
2025-12-14 15:00:56,204,43,8,0,0,51
2025-12-14 15:01:11,204,43,8,0,0,51
2025-12-14 15:01:26,205,43,8,0,0,51
2025-12-14 15:01:42,205,43,8,0,0,51
2025-12-14 15:01:57,205,43,8,0,0,51
2025-12-14 15:02:12,205,43,8,0,0,51
2025-12-14 15:02:28,206,43,8,0,0,51
2025-12-14 15:02:44,206,43,8,0,0,51
2025-12-14 15:03:00,206,43,8,0,0,51
2025-12-14 15:03:16,206,43,8,0,0,51
2025-12-14 15:03:33,207,43,8,0,0,51
2025-12-14 15:03:48,207,43,8,0,0,51
2025-12-14 15:04:04,207,43,8,0,0,51
2025-12-14 15:04:21,207,43,8,0,0,51
2025-12-14 15:04:36,208,43,8,0,0,51
2025-12-14 15:04:52,208,43,8,0,0,51
2025-12-14 15:05:09,208,43,8,0,0,51
2025-12-14 15:05:24,208,43,8,0,0,51
2025-12-14 15:05:39,209,43,8,0,0,51
2025-12-14 15:05:55,209,43,8,0,0,51
2025-12-14 15:06:10,209,43,8,0,0,51
2025-12-14 15:06:25,209,43,8,0,0,51
2025-12-14 15:06:41,210,43,8,0,0,51
2025-12-14 15:06:57,210,43,8,0,0,51
2025-12-14 15:07:12,210,43,8,0,0,51
2025-12-14 15:07:28,211,43,8,0,0,51
2025-12-14 15:07:44,211,43,8,0,0,51
2025-12-14 15:08:01,211,43,8,0,0,51
2025-12-14 15:08:16,211,43,8,0,0,51
2025-12-14 15:08:31,212,43,8,0,0,51
2025-12-14 15:08:47,212,43,8,0,0,51
2025-12-14 15:09:03,212,43,8,0,0,51
2025-12-14 15:09:19,212,43,8,0,0,51
2025-12-14 15:09:34,213,43,8,0,0,51
2025-12-14 15:09:50,213,43,8,0,0,51
2025-12-14 15:10:06,213,43,8,0,0,51
2025-12-14 15:10:22,213,43,8,0,0,51
2025-12-14 15:10:38,214,43,8,0,0,51
2025-12-14 15:10:54,214,43,8,0,0,51
2025-12-14 15:11:09,214,43,8,0,0,51
2025-12-14 15:11:25,214,43,8,0,0,51
2025-12-14 15:11:40,215,43,8,0,0,51
2025-12-14 15:11:56,215,43,8,0,0,51
2025-12-14 15:12:11,215,43,8,0,0,51
2025-12-14 15:12:27,216,43,8,0,0,51
2025-12-14 15:12:42,216,43,8,0,0,51
2025-12-14 15:12:57,216,43,8,0,0,51
2025-12-14 15:13:12,216,43,8,0,0,51
2025-12-14 15:13:28,217,43,8,0,0,51
2025-12-14 15:13:44,217,43,8,0,0,51
2025-12-14 15:13:59,217,43,8,0,0,51
2025-12-14 15:14:16,217,43,8,0,0,51
2025-12-14 15:14:31,218,43,8,0,0,51
2025-12-14 15:14:47,218,43,8,0,0,51
2025-12-14 15:15:03,218,43,8,0,0,51
2025-12-14 15:15:19,218,43,8,0,0,51
2025-12-14 15:15:35,219,43,8,0,0,51
2025-12-14 15:15:51,219,43,8,0,0,51
2025-12-14 15:16:06,219,43,8,0,0,51
2025-12-14 15:16:21,219,43,8,0,0,51
2025-12-14 15:16:36,220,43,8,0,0,51
2025-12-14 15:16:51,220,43,8,0,0,51
2025-12-14 15:17:07,220,43,8,0,0,51
2025-12-14 15:17:23,220,43,8,0,0,51
2025-12-14 15:17:39,221,43,8,0,0,51
2025-12-14 15:17:55,221,43,8,0,0,51
2025-12-14 15:18:11,221,43,8,0,0,51
2025-12-14 15:18:26,222,43,8,0,0,51
2025-12-14 15:18:41,222,43,8,0,0,51
2025-12-14 15:18:57,222,43,8,0,0,51
2025-12-14 15:19:12,222,43,8,0,0,51
2025-12-14 15:19:28,223,43,8,0,0,51
2025-12-14 15:19:44,223,43,8,0,0,51
2025-12-14 15:20:00,223,43,8,0,0,51
2025-12-14 15:20:17,223,43,8,0,0,51
2025-12-14 15:20:33,224,43,8,0,0,51
2025-12-14 15:20:48,224,43,8,0,0,51
2025-12-14 15:21:05,224,43,8,0,0,51
2025-12-14 15:21:27,225,43,8,0,0,51
2025-12-14 15:21:42,225,43,8,0,0,51
2025-12-14 15:21:59,225,43,8,0,0,51
2025-12-14 15:22:15,225,43,8,0,0,51
2025-12-14 15:22:31,226,43,8,0,0,51
2025-12-14 15:22:47,226,43,8,0,0,51
2025-12-14 15:23:03,226,43,8,0,0,51
2025-12-14 15:23:19,226,43,8,0,0,51
2025-12-14 15:23:35,227,43,8,0,0,51
2025-12-14 15:23:51,227,43,8,0,0,51
2025-12-14 15:24:06,227,43,8,0,0,51
2025-12-14 15:24:22,227,43,8,0,0,51
2025-12-14 15:24:38,228,43,8,0,0,51
2025-12-14 15:24:54,228,43,8,0,0,51
2025-12-14 15:25:11,228,43,8,0,0,51
2025-12-14 15:25:26,229,43,8,0,0,51
2025-12-14 15:25:41,229,43,8,0,0,51
2025-12-14 15:25:56,229,43,8,0,0,51
2025-12-14 15:26:11,229,43,8,0,0,51
2025-12-14 15:26:28,230,43,8,0,0,51
2025-12-14 15:26:43,230,43,8,0,0,51
2025-12-14 15:26:59,230,43,8,0,0,51
2025-12-14 15:27:15,230,43,8,0,0,51
2025-12-14 15:27:30,231,43,8,0,0,51
2025-12-14 15:27:46,231,43,8,0,0,51
2025-12-14 15:28:02,231,43,8,0,0,51
2025-12-14 15:28:17,231,43,8,0,0,51
2025-12-14 15:28:33,232,43,8,0,0,51
2025-12-14 15:28:49,232,43,8,0,0,51
2025-12-14 15:29:05,232,43,8,0,0,51
2025-12-14 15:29:21,232,43,8,0,0,51
2025-12-14 15:29:37,233,43,8,0,0,51
2025-12-14 15:29:53,233,43,8,0,0,51
2025-12-14 15:30:09,233,43,8,0,0,51
2025-12-14 15:30:24,233,43,8,0,0,51
2025-12-14 15:30:40,234,43,8,0,0,51
2025-12-14 15:30:56,234,43,8,0,0,51
2025-12-14 15:31:11,234,43,8,0,0,51
2025-12-14 15:31:27,235,43,8,0,0,51
2025-12-14 15:32:02,235,43,8,0,0,51
2025-12-14 15:32:17,235,43,8,0,0,51
2025-12-14 15:32:32,236,43,8,0,0,51
2025-12-14 15:32:48,236,43,8,0,0,51
2025-12-14 15:33:03,236,43,8,0,0,51
2025-12-14 15:33:19,236,43,8,0,0,51
2025-12-14 15:33:35,237,43,8,0,0,51
2025-12-14 15:33:50,237,43,8,0,0,51
2025-12-14 15:34:06,237,43,8,0,0,51
2025-12-14 15:34:22,237,43,8,0,0,51
2025-12-14 15:34:37,238,43,8,0,0,51
2025-12-14 15:34:53,238,43,8,0,0,51
2025-12-14 15:35:10,238,43,8,0,0,51
2025-12-14 15:35:25,238,43,8,0,0,51
2025-12-14 15:35:41,239,43,8,0,0,51
2025-12-14 15:35:57,239,43,8,0,0,51
2025-12-14 15:36:14,239,43,8,0,0,51
2025-12-14 15:36:30,240,43,8,0,0,51
