2025-12-22 13:58:21,100,98,2
2025-12-22 14:52:23,200,198,2
2025-12-22 15:47:41,300,298,2
2025-12-22 16:45:32,400,398,2
2025-12-23 09:06:40,500,498,2
2025-12-23 09:47:13,600,598,2
2025-12-23 10:16:10,700,698,2
2025-12-23 10:46:47,800,798,2
2025-12-23 11:08:05,900,898,2
2025-12-23 11:44:30,1000,998,2
2025-12-23 12:38:25,1100,1098,2
2025-12-23 13:30:31,1200,1198,2
2025-12-23 14:27:59,1300,1298,2
2025-12-23 15:23:06,1400,1398,2
2025-12-23 16:45:17,1500,1498,2
2025-12-23 17:58:13,1600,1598,2
2025-12-23 18:36:08,1700,1698,2
2025-12-23 19:30:35,1800,1798,2
2025-12-23 20:09:50,1900,1898,2
2025-12-23 21:06:15,2000,1998,2
2026-01-01 18:50:32,2100,2098,2
2026-01-01 19:35:27,2200,2198,2
2026-01-01 20:18:20,2300,2298,2
2026-01-01 21:02:25,2400,2398,2
2026-01-01 21:57:19,2500,2498,2
2026-01-01 22:43:21,2600,2598,2
2026-01-01 23:29:48,2700,2698,2
2026-01-02 00:17:05,2800,2798,2
2026-01-02 01:05:31,2900,2898,2
2026-01-02 02:05:49,3000,2998,2
2026-01-02 03:11:21,3100,3098,2
2026-01-02 04:01:15,3200,3198,2
2026-01-02 05:07:48,3300,3298,2
2026-01-02 05:59:26,3400,3398,2
2026-01-02 07:03:46,3500,3498,2
2026-01-02 07:52:32,3600,3598,2
2026-01-02 08:43:44,3700,3698,2
2026-01-02 09:48:04,3800,3798,2
2026-01-02 10:45:41,3900,3898,2
