2025-12-22 13:06:13,293.7MiB / 7.654GiB,3.75%,71.17%,2.73MB / 1.34MB,148MB / 287kB
2025-12-22 13:06:25,296.2MiB / 7.654GiB,3.78%,105.82%,2.88MB / 1.41MB,148MB / 287kB
2025-12-22 13:06:36,294MiB / 7.654GiB,3.75%,92.91%,3.02MB / 1.48MB,148MB / 299kB
2025-12-22 13:06:48,293.4MiB / 7.654GiB,3.74%,89.57%,3.17MB / 1.54MB,148MB / 311kB
2025-12-22 13:07:00,294.4MiB / 7.654GiB,3.76%,105.69%,3.32MB / 1.61MB,148MB / 311kB
2025-12-22 13:07:12,294.3MiB / 7.654GiB,3.75%,98.04%,3.5MB / 1.7MB,148MB / 324kB
2025-12-22 13:07:23,294.9MiB / 7.654GiB,3.76%,101.88%,3.63MB / 1.76MB,148MB / 336kB
2025-12-22 13:07:35,294.8MiB / 7.654GiB,3.76%,93.42%,3.77MB / 1.82MB,148MB / 348kB
2025-12-22 13:07:47,294.7MiB / 7.654GiB,3.76%,100.17%,3.93MB / 1.89MB,148MB / 348kB
2025-12-22 13:07:59,294.8MiB / 7.654GiB,3.76%,82.33%,4.07MB / 1.95MB,148MB / 360kB
2025-12-22 13:08:11,296.6MiB / 7.654GiB,3.78%,87.00%,4.19MB / 2MB,148MB / 373kB
2025-12-22 13:08:23,295.3MiB / 7.654GiB,3.77%,102.06%,4.37MB / 2.09MB,148MB / 385kB
2025-12-22 13:08:34,295.2MiB / 7.654GiB,3.77%,105.74%,4.53MB / 2.17MB,148MB / 385kB
2025-12-22 13:08:46,295.8MiB / 7.654GiB,3.77%,98.55%,4.67MB / 2.23MB,148MB / 397kB
2025-12-22 13:08:58,296MiB / 7.654GiB,3.78%,104.46%,4.84MB / 2.31MB,148MB / 410kB
2025-12-22 13:09:10,296.4MiB / 7.654GiB,3.78%,99.29%,4.98MB / 2.37MB,148MB / 422kB
2025-12-22 13:09:22,296.6MiB / 7.654GiB,3.78%,109.38%,5.11MB / 2.43MB,148MB / 422kB
2025-12-22 13:09:34,297.3MiB / 7.654GiB,3.79%,94.99%,5.26MB / 2.5MB,148MB / 434kB
2025-12-22 13:09:46,297.5MiB / 7.654GiB,3.80%,101.30%,5.44MB / 2.59MB,148MB / 446kB
2025-12-22 13:09:57,242.8MiB / 7.654GiB,3.10%,87.96%,5.61MB / 2.67MB,148MB / 459kB
2025-12-22 13:10:10,243MiB / 7.654GiB,3.10%,99.24%,5.78MB / 2.75MB,148MB / 471kB
2025-12-22 13:10:22,244.9MiB / 7.654GiB,3.12%,101.20%,5.93MB / 2.82MB,148MB / 471kB
2025-12-22 13:10:34,243.2MiB / 7.654GiB,3.10%,97.46%,6.1MB / 2.9MB,148MB / 483kB
2025-12-22 13:10:45,243.4MiB / 7.654GiB,3.11%,112.13%,6.27MB / 2.98MB,148MB / 496kB
2025-12-22 13:10:57,245MiB / 7.654GiB,3.13%,92.44%,6.44MB / 3.06MB,148MB / 508kB
2025-12-22 13:11:08,243.7MiB / 7.654GiB,3.11%,100.01%,6.61MB / 3.14MB,148MB / 508kB
2025-12-22 13:11:21,243.9MiB / 7.654GiB,3.11%,100.91%,6.76MB / 3.21MB,148MB / 520kB
2025-12-22 13:11:33,244MiB / 7.654GiB,3.11%,95.62%,6.92MB / 3.29MB,148MB / 532kB
2025-12-22 13:11:44,244.1MiB / 7.654GiB,3.11%,107.88%,7.08MB / 3.36MB,148MB / 532kB
2025-12-22 13:11:56,244.3MiB / 7.654GiB,3.12%,93.70%,7.24MB / 3.44MB,148MB / 545kB
2025-12-22 13:12:07,244.7MiB / 7.654GiB,3.12%,104.87%,7.42MB / 3.52MB,148MB / 557kB
2025-12-22 13:12:20,244.6MiB / 7.654GiB,3.12%,99.36%,7.57MB / 3.6MB,148MB / 569kB
2025-12-22 13:12:32,245MiB / 7.654GiB,3.13%,95.29%,7.73MB / 3.67MB,148MB / 582kB
2025-12-22 13:12:44,244.9MiB / 7.654GiB,3.12%,103.07%,7.89MB / 3.74MB,148MB / 582kB
2025-12-22 13:12:55,246.2MiB / 7.654GiB,3.14%,100.00%,8.03MB / 3.81MB,148MB / 594kB
2025-12-22 13:13:07,245.4MiB / 7.654GiB,3.13%,100.70%,8.19MB / 3.88MB,148MB / 606kB
2025-12-22 13:13:18,245.3MiB / 7.654GiB,3.13%,91.26%,8.36MB / 3.97MB,148MB / 618kB
2025-12-22 13:13:30,245.7MiB / 7.654GiB,3.13%,96.64%,8.54MB / 4.05MB,148MB / 618kB
2025-12-22 13:13:42,245.6MiB / 7.654GiB,3.13%,100.70%,8.7MB / 4.13MB,148MB / 631kB
2025-12-22 13:13:53,245.7MiB / 7.654GiB,3.14%,101.35%,8.89MB / 4.23MB,148MB / 643kB
2025-12-22 13:14:05,245.9MiB / 7.654GiB,3.14%,103.67%,9.04MB / 4.3MB,148MB / 655kB
2025-12-22 13:14:17,246MiB / 7.654GiB,3.14%,89.61%,9.18MB / 4.35MB,148MB / 655kB
2025-12-22 13:14:28,246.2MiB / 7.654GiB,3.14%,104.15%,9.33MB / 4.43MB,148MB / 668kB
2025-12-22 13:14:40,246.3MiB / 7.654GiB,3.14%,101.11%,9.48MB / 4.5MB,148MB / 680kB
2025-12-22 13:14:52,248.5MiB / 7.654GiB,3.17%,107.78%,9.61MB / 4.55MB,148MB / 692kB
2025-12-22 13:15:04,251.3MiB / 7.654GiB,3.21%,93.79%,9.76MB / 4.62MB,148MB / 705kB
2025-12-22 13:15:15,257.3MiB / 7.654GiB,3.28%,93.77%,9.91MB / 4.69MB,148MB / 705kB
2025-12-22 13:15:27,276.2MiB / 7.654GiB,3.52%,96.35%,10.1MB / 4.75MB,148MB / 717kB
2025-12-22 13:15:39,290.6MiB / 7.654GiB,3.71%,103.85%,10.2MB / 4.81MB,148MB / 729kB
2025-12-22 13:15:51,290.7MiB / 7.654GiB,3.71%,105.16%,10.4MB / 4.89MB,148MB / 729kB
2025-12-22 13:16:03,291.9MiB / 7.654GiB,3.72%,96.16%,10.5MB / 4.94MB,148MB / 741kB
2025-12-22 13:16:14,291MiB / 7.654GiB,3.71%,117.21%,10.6MB / 5.01MB,148MB / 754kB
2025-12-22 13:16:26,291.1MiB / 7.654GiB,3.71%,103.69%,10.8MB / 5.07MB,148MB / 766kB
2025-12-22 13:16:37,281.2MiB / 7.654GiB,3.59%,87.41%,10.9MB / 5.14MB,148MB / 778kB
2025-12-22 13:16:50,281.4MiB / 7.654GiB,3.59%,107.45%,11.1MB / 5.22MB,148MB / 778kB
2025-12-22 13:17:02,284.1MiB / 7.654GiB,3.62%,92.52%,11.2MB / 5.27MB,148MB / 791kB
2025-12-22 13:17:14,283.6MiB / 7.654GiB,3.62%,105.94%,11.4MB / 5.34MB,148MB / 803kB
2025-12-22 13:17:25,281.8MiB / 7.654GiB,3.60%,107.11%,11.5MB / 5.41MB,148MB / 815kB
2025-12-22 13:17:37,283.4MiB / 7.654GiB,3.62%,105.95%,11.6MB / 5.46MB,148MB / 815kB
2025-12-22 13:17:49,282.1MiB / 7.654GiB,3.60%,101.72%,11.8MB / 5.53MB,148MB / 827kB
2025-12-22 13:18:01,282MiB / 7.654GiB,3.60%,95.92%,12MB / 5.6MB,148MB / 840kB
2025-12-22 13:18:13,282.3MiB / 7.654GiB,3.60%,104.84%,12.1MB / 5.68MB,148MB / 852kB
2025-12-22 13:18:24,282.4MiB / 7.654GiB,3.60%,98.20%,12.3MB / 5.74MB,148MB / 864kB
2025-12-22 13:18:36,283.7MiB / 7.654GiB,3.62%,95.51%,12.4MB / 5.81MB,148MB / 864kB
2025-12-22 13:18:48,282.7MiB / 7.654GiB,3.61%,106.12%,12.6MB / 5.89MB,148MB / 877kB
2025-12-22 13:19:00,283.1MiB / 7.654GiB,3.61%,91.14%,12.7MB / 5.96MB,148MB / 889kB
2025-12-22 13:19:12,283.3MiB / 7.654GiB,3.61%,100.25%,12.9MB / 6.01MB,148MB / 901kB
2025-12-22 13:19:24,283.2MiB / 7.654GiB,3.61%,101.62%,13MB / 6.1MB,148MB / 901kB
2025-12-22 13:19:35,283.3MiB / 7.654GiB,3.62%,101.57%,13.2MB / 6.17MB,148MB / 913kB
2025-12-22 13:19:47,283.5MiB / 7.654GiB,3.62%,109.09%,13.3MB / 6.23MB,148MB / 926kB
2025-12-22 13:19:58,283.8MiB / 7.654GiB,3.62%,98.52%,13.5MB / 6.3MB,148MB / 926kB
2025-12-22 13:20:11,283.9MiB / 7.654GiB,3.62%,103.40%,13.7MB / 6.37MB,148MB / 950kB
2025-12-22 13:20:23,284MiB / 7.654GiB,3.62%,88.04%,13.8MB / 6.45MB,148MB / 950kB
2025-12-22 13:20:34,284.2MiB / 7.654GiB,3.63%,101.79%,14MB / 6.51MB,148MB / 963kB
2025-12-22 13:20:46,284.3MiB / 7.654GiB,3.63%,107.35%,14.1MB / 6.58MB,148MB / 975kB
2025-12-22 13:20:57,284.7MiB / 7.654GiB,3.63%,98.54%,14.3MB / 6.66MB,148MB / 975kB
2025-12-22 13:21:10,284.6MiB / 7.654GiB,3.63%,92.16%,14.5MB / 6.74MB,148MB / 987kB
2025-12-22 13:21:22,244.4MiB / 7.654GiB,3.12%,94.27%,14.6MB / 6.8MB,148MB / 999kB
2025-12-22 13:21:34,244.3MiB / 7.654GiB,3.12%,105.19%,14.8MB / 6.88MB,148MB / 1.01MB
2025-12-22 13:21:45,244.5MiB / 7.654GiB,3.12%,98.46%,14.9MB / 6.95MB,148MB / 1.02MB
2025-12-22 13:21:57,244.6MiB / 7.654GiB,3.12%,96.33%,15.1MB / 7.01MB,148MB / 1.02MB
2025-12-22 13:22:09,244.8MiB / 7.654GiB,3.12%,105.84%,15.2MB / 7.09MB,148MB / 1.04MB
2025-12-22 13:22:21,245.2MiB / 7.654GiB,3.13%,100.15%,15.4MB / 7.17MB,148MB / 1.05MB
2025-12-22 13:22:33,245.1MiB / 7.654GiB,3.13%,102.93%,15.5MB / 7.24MB,148MB / 1.06MB
2025-12-22 13:22:44,245.2MiB / 7.654GiB,3.13%,100.91%,15.7MB / 7.3MB,148MB / 1.06MB
2025-12-22 13:22:56,245.6MiB / 7.654GiB,3.13%,98.03%,15.8MB / 7.37MB,148MB / 1.07MB
2025-12-22 13:23:07,245.5MiB / 7.654GiB,3.13%,100.20%,16MB / 7.44MB,148MB / 1.09MB
2025-12-22 13:23:20,245.9MiB / 7.654GiB,3.14%,87.50%,16.1MB / 7.49MB,148MB / 1.1MB
2025-12-22 13:23:32,245.8MiB / 7.654GiB,3.14%,102.68%,16.2MB / 7.55MB,148MB / 1.1MB
2025-12-22 13:23:44,246.1MiB / 7.654GiB,3.14%,96.96%,16.4MB / 7.62MB,148MB / 1.11MB
2025-12-22 13:23:55,246.1MiB / 7.654GiB,3.14%,101.90%,16.6MB / 7.69MB,148MB / 1.12MB
2025-12-22 13:24:07,247.3MiB / 7.654GiB,3.16%,103.20%,16.7MB / 7.75MB,148MB / 1.13MB
2025-12-22 13:24:19,249.6MiB / 7.654GiB,3.18%,102.13%,16.8MB / 7.8MB,148MB / 1.15MB
2025-12-22 13:24:31,246.8MiB / 7.654GiB,3.15%,108.26%,17MB / 7.88MB,148MB / 1.15MB
2025-12-22 13:24:43,246.7MiB / 7.654GiB,3.15%,94.94%,17.1MB / 7.95MB,148MB / 1.16MB
2025-12-22 13:24:54,248.8MiB / 7.654GiB,3.18%,109.00%,17.3MB / 8.01MB,150MB / 1.17MB
2025-12-22 13:25:06,250.8MiB / 7.654GiB,3.20%,92.74%,17.4MB / 8.06MB,150MB / 1.17MB
2025-12-22 13:25:18,255.3MiB / 7.654GiB,3.26%,93.35%,17.6MB / 8.14MB,150MB / 1.18MB
2025-12-22 13:25:30,260.1MiB / 7.654GiB,3.32%,102.39%,17.7MB / 8.21MB,150MB / 1.2MB
2025-12-22 13:25:42,260MiB / 7.654GiB,3.32%,99.28%,17.9MB / 8.28MB,150MB / 1.79MB
2025-12-22 13:25:54,253.4MiB / 7.654GiB,3.23%,100.68%,18MB / 8.34MB,151MB / 2.24MB
2025-12-22 13:26:05,253.5MiB / 7.654GiB,3.23%,91.78%,18.2MB / 8.41MB,151MB / 2.24MB
2025-12-22 13:26:17,253.6MiB / 7.654GiB,3.24%,101.84%,18.3MB / 8.48MB,151MB / 2.26MB
2025-12-22 13:26:29,253.8MiB / 7.654GiB,3.24%,96.34%,18.5MB / 8.55MB,151MB / 2.27MB
2025-12-22 13:26:41,253.9MiB / 7.654GiB,3.24%,96.16%,18.6MB / 8.61MB,151MB / 2.28MB
2025-12-22 13:26:53,254MiB / 7.654GiB,3.24%,107.68%,18.8MB / 8.68MB,151MB / 2.28MB
2025-12-22 13:27:04,255.4MiB / 7.654GiB,3.26%,98.72%,18.9MB / 8.74MB,151MB / 2.29MB
2025-12-22 13:27:16,254.3MiB / 7.654GiB,3.25%,98.30%,19MB / 8.8MB,151MB / 2.31MB
2025-12-22 13:27:28,254.7MiB / 7.654GiB,3.25%,97.16%,19.2MB / 8.87MB,151MB / 2.32MB
2025-12-22 13:27:40,254.9MiB / 7.654GiB,3.25%,97.74%,19.4MB / 8.94MB,151MB / 2.32MB
2025-12-22 13:27:52,254.8MiB / 7.654GiB,3.25%,107.44%,19.5MB / 9.02MB,151MB / 2.33MB
2025-12-22 13:28:04,255.2MiB / 7.654GiB,3.26%,78.26%,19.7MB / 9.08MB,151MB / 2.34MB
2025-12-22 13:28:15,255.3MiB / 7.654GiB,3.26%,105.27%,19.8MB / 9.15MB,151MB / 2.36MB
2025-12-22 13:28:27,255.4MiB / 7.654GiB,3.26%,100.89%,20MB / 9.22MB,151MB / 2.37MB
2025-12-22 13:28:39,255.8MiB / 7.654GiB,3.26%,105.62%,20.1MB / 9.29MB,151MB / 2.37MB
2025-12-22 13:28:50,255.8MiB / 7.654GiB,3.26%,103.79%,20.3MB / 9.35MB,151MB / 2.38MB
2025-12-22 13:29:02,255.9MiB / 7.654GiB,3.26%,95.88%,20.4MB / 9.41MB,151MB / 2.39MB
2025-12-22 13:29:14,256.2MiB / 7.654GiB,3.27%,103.96%,20.5MB / 9.47MB,151MB / 2.4MB
2025-12-22 13:29:26,257.8MiB / 7.654GiB,3.29%,97.05%,20.7MB / 9.55MB,151MB / 2.4MB
2025-12-22 13:29:37,256.3MiB / 7.654GiB,3.27%,101.47%,20.9MB / 9.63MB,151MB / 2.42MB
2025-12-22 13:29:49,256.7MiB / 7.654GiB,3.28%,79.81%,21MB / 9.7MB,151MB / 2.43MB
2025-12-22 13:30:01,256.6MiB / 7.654GiB,3.27%,95.88%,21.2MB / 9.77MB,151MB / 2.44MB
2025-12-22 13:30:13,256.7MiB / 7.654GiB,3.28%,102.87%,21.3MB / 9.82MB,151MB / 2.44MB
2025-12-22 13:30:24,258.4MiB / 7.654GiB,3.30%,97.42%,21.5MB / 9.89MB,151MB / 3.05MB
2025-12-22 13:30:36,248.5MiB / 7.654GiB,3.17%,85.56%,21.6MB / 9.96MB,151MB / 11.9MB
2025-12-22 13:30:47,248.2MiB / 7.654GiB,3.17%,101.45%,21.8MB / 10MB,151MB / 14.8MB
2025-12-22 13:31:00,245.7MiB / 7.654GiB,3.14%,103.05%,22MB / 10.1MB,151MB / 15.8MB
2025-12-22 13:31:12,242.5MiB / 7.654GiB,3.09%,103.91%,22.1MB / 10.2MB,151MB / 18.8MB
2025-12-22 13:31:24,242.1MiB / 7.654GiB,3.09%,92.56%,22.3MB / 10.3MB,151MB / 18.9MB
2025-12-22 13:31:35,245.9MiB / 7.654GiB,3.14%,107.65%,22.4MB / 10.4MB,151MB / 20MB
2025-12-22 13:31:47,249.3MiB / 7.654GiB,3.18%,95.76%,22.6MB / 10.4MB,152MB / 22.5MB
2025-12-22 13:31:58,245.3MiB / 7.654GiB,3.13%,105.44%,22.8MB / 10.5MB,152MB / 22.8MB
2025-12-22 13:32:10,244.1MiB / 7.654GiB,3.11%,82.40%,22.9MB / 10.6MB,152MB / 25.4MB
2025-12-22 13:32:22,242.3MiB / 7.654GiB,3.09%,91.02%,23MB / 10.6MB,152MB / 27.6MB
2025-12-22 13:32:34,238.4MiB / 7.654GiB,3.04%,101.16%,23.1MB / 10.7MB,152MB / 30.8MB
2025-12-22 13:32:45,225.1MiB / 7.654GiB,2.87%,91.24%,23.3MB / 10.7MB,152MB / 32.6MB
2025-12-22 13:32:57,224.6MiB / 7.654GiB,2.87%,107.30%,23.4MB / 10.8MB,152MB / 32.6MB
2025-12-22 13:33:09,224.8MiB / 7.654GiB,2.87%,106.90%,23.6MB / 10.9MB,152MB / 32.6MB
2025-12-22 13:33:21,225MiB / 7.654GiB,2.87%,101.06%,23.7MB / 10.9MB,152MB / 32.6MB
2025-12-22 13:33:33,225.1MiB / 7.654GiB,2.87%,103.02%,23.9MB / 11MB,152MB / 32.6MB
2025-12-22 13:33:44,225.3MiB / 7.654GiB,2.87%,96.94%,24MB / 11MB,152MB / 32.6MB
2025-12-22 13:33:56,225.4MiB / 7.654GiB,2.88%,113.45%,24.1MB / 11.1MB,152MB / 32.6MB
2025-12-22 13:34:08,225.5MiB / 7.654GiB,2.88%,89.50%,24.3MB / 11.2MB,152MB / 32.7MB
2025-12-22 13:34:20,225.9MiB / 7.654GiB,2.88%,104.72%,24.4MB / 11.2MB,152MB / 32.7MB
2025-12-22 13:34:32,227.3MiB / 7.654GiB,2.90%,103.52%,24.6MB / 11.3MB,152MB / 32.7MB
2025-12-22 13:34:44,226MiB / 7.654GiB,2.88%,95.73%,24.7MB / 11.4MB,152MB / 32.7MB
2025-12-22 13:34:55,226.2MiB / 7.654GiB,2.89%,108.99%,24.9MB / 11.4MB,152MB / 32.7MB
2025-12-22 13:35:07,226.5MiB / 7.654GiB,2.89%,98.59%,25MB / 11.5MB,152MB / 32.7MB
2025-12-22 13:35:19,226.9MiB / 7.654GiB,2.90%,100.75%,25.2MB / 11.6MB,152MB / 32.7MB
2025-12-22 13:35:31,224.8MiB / 7.654GiB,2.87%,96.31%,25.3MB / 11.6MB,152MB / 33.8MB
2025-12-22 13:35:43,224.6MiB / 7.654GiB,2.87%,105.22%,25.5MB / 11.7MB,152MB / 35.5MB
2025-12-22 13:35:54,222.3MiB / 7.654GiB,2.84%,107.27%,25.6MB / 11.7MB,152MB / 37.5MB
2025-12-22 13:36:06,221.6MiB / 7.654GiB,2.83%,98.80%,25.7MB / 11.8MB,152MB / 38.5MB
2025-12-22 13:36:18,219.5MiB / 7.654GiB,2.80%,107.22%,25.9MB / 11.9MB,152MB / 40.2MB
2025-12-22 13:36:30,219MiB / 7.654GiB,2.79%,91.13%,26.1MB / 11.9MB,152MB / 41MB
2025-12-22 13:36:42,211.4MiB / 7.654GiB,2.70%,96.24%,26.2MB / 12MB,152MB / 47.6MB
2025-12-22 13:36:54,211.6MiB / 7.654GiB,2.70%,84.53%,26.3MB / 12.1MB,152MB / 47.6MB
2025-12-22 13:37:06,211.7MiB / 7.654GiB,2.70%,97.57%,26.4MB / 12.1MB,152MB / 47.6MB
2025-12-22 13:37:17,212.1MiB / 7.654GiB,2.71%,103.44%,26.6MB / 12.2MB,152MB / 47.7MB
2025-12-22 13:37:29,212MiB / 7.654GiB,2.71%,99.30%,26.8MB / 12.3MB,152MB / 47.7MB
2025-12-22 13:37:41,213.8MiB / 7.654GiB,2.73%,96.79%,26.9MB / 12.3MB,152MB / 47.7MB
2025-12-22 13:37:53,212.3MiB / 7.654GiB,2.71%,85.75%,27MB / 12.4MB,152MB / 47.7MB
2025-12-22 13:38:04,212.4MiB / 7.654GiB,2.71%,100.22%,27.2MB / 12.4MB,152MB / 47.7MB
2025-12-22 13:38:16,212.7MiB / 7.654GiB,2.71%,100.23%,27.3MB / 12.5MB,152MB / 47.7MB
2025-12-22 13:38:28,214.6MiB / 7.654GiB,2.74%,91.64%,27.5MB / 12.6MB,152MB / 47.7MB
2025-12-22 13:38:40,213MiB / 7.654GiB,2.72%,74.87%,27.6MB / 12.6MB,152MB / 47.7MB
2025-12-22 13:38:52,213.1MiB / 7.654GiB,2.72%,87.70%,27.7MB / 12.7MB,152MB / 47.7MB
2025-12-22 13:39:04,213.5MiB / 7.654GiB,2.72%,102.97%,27.9MB / 12.8MB,152MB / 47.7MB
2025-12-22 13:39:16,213.4MiB / 7.654GiB,2.72%,104.44%,28.1MB / 12.8MB,152MB / 47.8MB
2025-12-22 13:39:27,213.6MiB / 7.654GiB,2.72%,101.31%,28.2MB / 12.9MB,152MB / 47.8MB
2025-12-22 13:39:39,213.9MiB / 7.654GiB,2.73%,95.03%,28.3MB / 13MB,152MB / 47.8MB
2025-12-22 13:39:51,213.9MiB / 7.654GiB,2.73%,87.20%,28.5MB / 13MB,152MB / 47.8MB
2025-12-22 13:40:03,214MiB / 7.654GiB,2.73%,103.05%,28.6MB / 13.1MB,152MB / 47.8MB
2025-12-22 13:40:14,214.2MiB / 7.654GiB,2.73%,101.09%,28.8MB / 13.2MB,152MB / 47.8MB
2025-12-22 13:40:26,214.5MiB / 7.654GiB,2.74%,94.89%,28.9MB / 13.2MB,152MB / 47.8MB
2025-12-22 13:40:38,214.5MiB / 7.654GiB,2.74%,92.83%,29.1MB / 13.3MB,152MB / 47.8MB
2025-12-22 13:40:50,214.6MiB / 7.654GiB,2.74%,96.62%,29.2MB / 13.3MB,152MB / 47.8MB
2025-12-22 13:41:03,215MiB / 7.654GiB,2.74%,103.24%,29.4MB / 13.4MB,152MB / 47.8MB
2025-12-22 13:41:14,214.9MiB / 7.654GiB,2.74%,99.73%,29.5MB / 13.5MB,152MB / 47.8MB
2025-12-22 13:41:26,215.1MiB / 7.654GiB,2.74%,85.28%,29.6MB / 13.5MB,152MB / 47.8MB
2025-12-22 13:41:37,215.2MiB / 7.654GiB,2.75%,90.12%,29.8MB / 13.6MB,152MB / 47.8MB
2025-12-22 13:41:49,218.2MiB / 7.654GiB,2.78%,100.42%,29.9MB / 13.6MB,152MB / 52.4MB
2025-12-22 13:42:01,219.8MiB / 7.654GiB,2.80%,105.39%,30.1MB / 13.7MB,152MB / 56.4MB
2025-12-22 13:42:13,219.9MiB / 7.654GiB,2.81%,99.70%,30.2MB / 13.8MB,152MB / 56.5MB
2025-12-22 13:42:25,220MiB / 7.654GiB,2.81%,87.49%,30.4MB / 13.9MB,152MB / 56.6MB
2025-12-22 13:42:36,220.2MiB / 7.654GiB,2.81%,96.30%,30.5MB / 13.9MB,153MB / 56.6MB
2025-12-22 13:42:48,214.1MiB / 7.654GiB,2.73%,84.17%,30.6MB / 14MB,153MB / 56.7MB
2025-12-22 13:43:00,215.3MiB / 7.654GiB,2.75%,114.92%,30.8MB / 14MB,153MB / 56.7MB
2025-12-22 13:43:12,215.7MiB / 7.654GiB,2.75%,99.13%,30.9MB / 14.1MB,153MB / 56.7MB
2025-12-22 13:43:24,214.5MiB / 7.654GiB,2.74%,98.39%,31MB / 14.2MB,153MB / 56.7MB
2025-12-22 13:43:36,214.6MiB / 7.654GiB,2.74%,105.03%,31.2MB / 14.2MB,153MB / 56.7MB
2025-12-22 13:43:47,214.8MiB / 7.654GiB,2.74%,87.47%,31.3MB / 14.3MB,153MB / 56.8MB
2025-12-22 13:43:59,214.9MiB / 7.654GiB,2.74%,108.19%,31.4MB / 14.3MB,153MB / 56.8MB
2025-12-22 13:44:11,215.1MiB / 7.654GiB,2.74%,108.92%,31.5MB / 14.4MB,153MB / 56.8MB
2025-12-22 13:44:23,215.5MiB / 7.654GiB,2.75%,103.70%,31.7MB / 14.4MB,153MB / 56.8MB
2025-12-22 13:44:35,215.3MiB / 7.654GiB,2.75%,92.33%,31.8MB / 14.5MB,153MB / 56.8MB
2025-12-22 13:44:46,215.5MiB / 7.654GiB,2.75%,88.63%,31.9MB / 14.5MB,153MB / 56.8MB
2025-12-22 13:44:58,215.6MiB / 7.654GiB,2.75%,85.22%,32MB / 14.6MB,153MB / 56.8MB
2025-12-22 13:45:10,216.1MiB / 7.654GiB,2.76%,93.22%,32.2MB / 14.6MB,153MB / 56.8MB
2025-12-22 13:45:22,216MiB / 7.654GiB,2.76%,102.52%,32.3MB / 14.7MB,153MB / 56.8MB
2025-12-22 13:45:34,216.5MiB / 7.654GiB,2.76%,96.75%,32.5MB / 14.8MB,153MB / 56.8MB
2025-12-22 13:45:46,216.2MiB / 7.654GiB,2.76%,91.27%,32.6MB / 14.8MB,153MB / 56.8MB
2025-12-22 13:45:57,216.4MiB / 7.654GiB,2.76%,108.11%,32.7MB / 14.9MB,153MB / 56.9MB
2025-12-22 13:46:09,216.5MiB / 7.654GiB,2.76%,100.23%,32.9MB / 14.9MB,153MB / 56.9MB
2025-12-22 13:46:20,216.7MiB / 7.654GiB,2.77%,103.64%,33MB / 15MB,153MB / 56.9MB
2025-12-22 13:46:32,216.8MiB / 7.654GiB,2.77%,98.25%,33.1MB / 15MB,153MB / 56.9MB
2025-12-22 13:46:44,217.3MiB / 7.654GiB,2.77%,92.91%,33.3MB / 15.1MB,153MB / 56.9MB
2025-12-22 13:46:56,217.4MiB / 7.654GiB,2.77%,112.06%,33.4MB / 15.2MB,153MB / 56.9MB
2025-12-22 13:47:07,219.1MiB / 7.654GiB,2.80%,104.00%,33.5MB / 15.2MB,153MB / 56.9MB
2025-12-22 13:47:19,217.4MiB / 7.654GiB,2.77%,100.05%,33.6MB / 15.3MB,153MB / 56.9MB
2025-12-22 13:47:32,217.5MiB / 7.654GiB,2.78%,99.23%,33.7MB / 15.3MB,153MB / 56.9MB
2025-12-22 13:47:43,217.7MiB / 7.654GiB,2.78%,104.40%,33.9MB / 15.4MB,153MB / 56.9MB
2025-12-22 13:47:55,217.8MiB / 7.654GiB,2.78%,116.87%,34MB / 15.4MB,153MB / 56.9MB
2025-12-22 13:48:06,218.2MiB / 7.654GiB,2.78%,101.91%,34.2MB / 15.5MB,153MB / 57MB
2025-12-22 13:48:18,218.1MiB / 7.654GiB,2.78%,94.76%,34.3MB / 15.5MB,153MB / 57MB
2025-12-22 13:48:31,218.5MiB / 7.654GiB,2.79%,96.31%,34.4MB / 15.6MB,153MB / 57MB
2025-12-22 13:48:43,218.4MiB / 7.654GiB,2.79%,106.08%,34.6MB / 15.7MB,153MB / 57MB
2025-12-22 13:48:54,218.9MiB / 7.654GiB,2.79%,95.39%,34.7MB / 15.7MB,153MB / 57MB
2025-12-22 13:49:06,218.7MiB / 7.654GiB,2.79%,107.31%,34.8MB / 15.8MB,153MB / 57.4MB
2025-12-22 13:49:17,218.6MiB / 7.654GiB,2.79%,106.28%,35MB / 15.8MB,153MB / 57.4MB
2025-12-22 13:49:29,216.8MiB / 7.654GiB,2.77%,102.09%,35.1MB / 15.9MB,153MB / 59.3MB
2025-12-22 13:49:42,220MiB / 7.654GiB,2.81%,103.93%,35.2MB / 15.9MB,153MB / 60MB
2025-12-22 13:49:53,226.7MiB / 7.654GiB,2.89%,92.79%,35.4MB / 16MB,154MB / 61MB
2025-12-22 13:50:05,225.6MiB / 7.654GiB,2.88%,96.28%,35.5MB / 16.1MB,154MB / 61.1MB
2025-12-22 13:50:16,214.8MiB / 7.654GiB,2.74%,92.95%,35.7MB / 16.1MB,154MB / 61.1MB
2025-12-22 13:50:28,213.6MiB / 7.654GiB,2.73%,101.06%,35.8MB / 16.2MB,154MB / 61.1MB
2025-12-22 13:50:40,213.5MiB / 7.654GiB,2.72%,104.78%,36MB / 16.3MB,154MB / 61.1MB
2025-12-22 13:50:53,213.7MiB / 7.654GiB,2.73%,99.83%,36.1MB / 16.3MB,154MB / 61.1MB
2025-12-22 13:51:04,214.1MiB / 7.654GiB,2.73%,109.20%,36.3MB / 16.4MB,154MB / 61.1MB
2025-12-22 13:51:16,215.8MiB / 7.654GiB,2.75%,87.80%,36.4MB / 16.5MB,154MB / 61.1MB
2025-12-22 13:51:27,214.2MiB / 7.654GiB,2.73%,96.77%,36.5MB / 16.5MB,154MB / 61.2MB
2025-12-22 13:51:39,214.6MiB / 7.654GiB,2.74%,95.46%,36.6MB / 16.6MB,154MB / 61.2MB
2025-12-22 13:51:52,214.5MiB / 7.654GiB,2.74%,95.69%,36.8MB / 16.6MB,154MB / 61.2MB
2025-12-22 13:52:03,214.6MiB / 7.654GiB,2.74%,104.82%,36.9MB / 16.7MB,154MB / 61.2MB
2025-12-22 13:52:15,214.8MiB / 7.654GiB,2.74%,91.54%,37.1MB / 16.8MB,154MB / 61.2MB
2025-12-22 13:52:26,214.9MiB / 7.654GiB,2.74%,100.32%,37.2MB / 16.8MB,154MB / 61.2MB
2025-12-22 13:52:38,214.9MiB / 7.654GiB,2.74%,94.09%,37.4MB / 16.9MB,154MB / 61.2MB
2025-12-22 13:52:51,215.4MiB / 7.654GiB,2.75%,105.10%,37.5MB / 16.9MB,154MB / 61.2MB
2025-12-22 13:53:03,215.5MiB / 7.654GiB,2.75%,105.91%,37.6MB / 17MB,154MB / 61.2MB
2025-12-22 13:53:14,215.9MiB / 7.654GiB,2.75%,109.94%,37.8MB / 17.1MB,154MB / 61.2MB
2025-12-22 13:53:26,215.8MiB / 7.654GiB,2.75%,102.95%,37.9MB / 17.1MB,154MB / 61.2MB
2025-12-22 13:53:37,216.2MiB / 7.654GiB,2.76%,101.03%,38.1MB / 17.2MB,154MB / 61.3MB
2025-12-22 13:53:49,216.1MiB / 7.654GiB,2.76%,88.59%,38.2MB / 17.2MB,154MB / 61.3MB
2025-12-22 13:54:01,217.7MiB / 7.654GiB,2.78%,102.07%,38.3MB / 17.3MB,154MB / 61.3MB
2025-12-22 13:54:13,216.6MiB / 7.654GiB,2.76%,100.27%,38.5MB / 17.4MB,154MB / 61.3MB
2025-12-22 13:54:25,216.8MiB / 7.654GiB,2.77%,105.35%,38.7MB / 17.5MB,154MB / 61.3MB
2025-12-22 13:54:36,217MiB / 7.654GiB,2.77%,84.63%,38.8MB / 17.5MB,154MB / 61.3MB
2025-12-22 13:54:48,217.1MiB / 7.654GiB,2.77%,93.75%,38.9MB / 17.6MB,154MB / 61.3MB
2025-12-22 13:55:01,216.6MiB / 7.654GiB,2.76%,100.46%,39.1MB / 17.6MB,154MB / 61.7MB
2025-12-22 13:55:13,218.7MiB / 7.654GiB,2.79%,95.71%,39.2MB / 17.7MB,154MB / 62.2MB
2025-12-22 13:55:24,216.3MiB / 7.654GiB,2.76%,102.77%,39.4MB / 17.8MB,154MB / 62.8MB
2025-12-22 13:55:36,216.1MiB / 7.654GiB,2.76%,93.91%,39.5MB / 17.8MB,154MB / 63MB
2025-12-22 13:55:47,216MiB / 7.654GiB,2.76%,90.17%,39.7MB / 17.9MB,154MB / 63.3MB
2025-12-22 13:55:59,215.1MiB / 7.654GiB,2.74%,104.75%,39.8MB / 18MB,154MB / 65.4MB
2025-12-22 13:56:11,215.3MiB / 7.654GiB,2.75%,97.60%,39.9MB / 18MB,154MB / 65.4MB
2025-12-22 13:56:23,215.4MiB / 7.654GiB,2.75%,101.97%,40.1MB / 18.1MB,154MB / 65.4MB
2025-12-22 13:56:35,215.6MiB / 7.654GiB,2.75%,99.07%,40.2MB / 18.1MB,154MB / 65.4MB
2025-12-22 13:56:46,216MiB / 7.654GiB,2.76%,97.61%,40.4MB / 18.2MB,154MB / 65.4MB
2025-12-22 13:56:58,215.9MiB / 7.654GiB,2.75%,89.27%,40.5MB / 18.3MB,154MB / 65.4MB
2025-12-22 13:57:10,216.1MiB / 7.654GiB,2.76%,104.90%,40.7MB / 18.3MB,154MB / 65.5MB
2025-12-22 13:57:22,216.3MiB / 7.654GiB,2.76%,87.00%,40.8MB / 18.4MB,154MB / 65.5MB
2025-12-22 13:57:34,216.4MiB / 7.654GiB,2.76%,102.03%,40.9MB / 18.4MB,154MB / 65.5MB
2025-12-22 13:57:46,216.6MiB / 7.654GiB,2.76%,103.28%,41.1MB / 18.5MB,154MB / 65.5MB
2025-12-22 13:57:57,216.7MiB / 7.654GiB,2.76%,105.75%,41.2MB / 18.6MB,154MB / 65.5MB
2025-12-22 13:58:09,218.3MiB / 7.654GiB,2.78%,100.42%,41.4MB / 18.6MB,154MB / 65.5MB
2025-12-22 13:58:21,216.9MiB / 7.654GiB,2.77%,96.23%,41.5MB / 18.7MB,154MB / 65.5MB
2025-12-22 13:58:33,217.3MiB / 7.654GiB,2.77%,100.41%,41.6MB / 18.7MB,154MB / 65.5MB
2025-12-22 13:58:45,217.5MiB / 7.654GiB,2.77%,83.36%,41.7MB / 18.8MB,154MB / 65.5MB
2025-12-22 13:58:56,219.3MiB / 7.654GiB,2.80%,101.66%,41.9MB / 18.9MB,154MB / 65.5MB
2025-12-22 13:59:08,217.5MiB / 7.654GiB,2.78%,103.19%,42MB / 18.9MB,154MB / 65.5MB
2025-12-22 13:59:20,218MiB / 7.654GiB,2.78%,80.30%,42.2MB / 19MB,155MB / 65.5MB
2025-12-22 13:59:33,218.1MiB / 7.654GiB,2.78%,91.91%,42.3MB / 19MB,155MB / 65.6MB
2025-12-22 13:59:44,218.2MiB / 7.654GiB,2.78%,100.56%,42.4MB / 19.1MB,155MB / 65.6MB
2025-12-22 13:59:56,218.2MiB / 7.654GiB,2.78%,97.43%,42.5MB / 19.1MB,155MB / 65.6MB
2025-12-22 14:00:07,218.3MiB / 7.654GiB,2.79%,102.83%,42.7MB / 19.2MB,155MB / 65.6MB
2025-12-22 14:00:19,218.5MiB / 7.654GiB,2.79%,102.63%,42.8MB / 19.3MB,155MB / 65.6MB
2025-12-22 14:00:31,217.4MiB / 7.654GiB,2.77%,91.52%,43MB / 19.3MB,155MB / 65.8MB
2025-12-22 14:00:43,215.4MiB / 7.654GiB,2.75%,86.07%,43.1MB / 19.4MB,155MB / 68.1MB
2025-12-22 14:00:55,213.8MiB / 7.654GiB,2.73%,82.01%,43.2MB / 19.4MB,155MB / 71.2MB
2025-12-22 14:01:06,220.4MiB / 7.654GiB,2.81%,92.79%,43.3MB / 19.5MB,158MB / 71.2MB
2025-12-22 14:01:18,220.7MiB / 7.654GiB,2.82%,93.51%,43.5MB / 19.5MB,158MB / 71.2MB
2025-12-22 14:01:31,220.8MiB / 7.654GiB,2.82%,130.06%,43.6MB / 19.6MB,158MB / 71.2MB
2025-12-22 14:01:43,222MiB / 7.654GiB,2.83%,100.41%,43.7MB / 19.6MB,158MB / 71.3MB
2025-12-22 14:01:55,221.2MiB / 7.654GiB,2.82%,86.46%,43.9MB / 19.7MB,158MB / 71.3MB
2025-12-22 14:02:06,222.8MiB / 7.654GiB,2.84%,99.63%,44MB / 19.7MB,158MB / 71.3MB
2025-12-22 14:02:18,222MiB / 7.654GiB,2.83%,84.75%,44.1MB / 19.8MB,158MB / 71.3MB
2025-12-22 14:02:30,222.1MiB / 7.654GiB,2.83%,91.91%,44.2MB / 19.8MB,158MB / 71.3MB
2025-12-22 14:02:42,222.3MiB / 7.654GiB,2.84%,103.18%,44.3MB / 19.9MB,158MB / 71.3MB
2025-12-22 14:02:54,222.4MiB / 7.654GiB,2.84%,103.69%,44.5MB / 19.9MB,158MB / 71.3MB
2025-12-22 14:03:06,225.4MiB / 7.654GiB,2.88%,100.16%,44.6MB / 20MB,158MB / 71.3MB
2025-12-22 14:03:17,222.7MiB / 7.654GiB,2.84%,111.13%,44.7MB / 20.1MB,158MB / 71.3MB
2025-12-22 14:03:29,222.8MiB / 7.654GiB,2.84%,90.85%,44.9MB / 20.1MB,158MB / 71.3MB
2025-12-22 14:03:41,223.3MiB / 7.654GiB,2.85%,92.18%,45MB / 20.2MB,158MB / 71.3MB
2025-12-22 14:03:53,223.2MiB / 7.654GiB,2.85%,101.93%,45.1MB / 20.2MB,158MB / 71.4MB
2025-12-22 14:04:04,223.6MiB / 7.654GiB,2.85%,98.30%,45.3MB / 20.3MB,158MB / 71.4MB
2025-12-22 14:04:16,223.5MiB / 7.654GiB,2.85%,103.62%,45.4MB / 20.4MB,158MB / 71.4MB
2025-12-22 14:04:27,223.6MiB / 7.654GiB,2.85%,100.12%,45.7MB / 20.5MB,158MB / 71.4MB
2025-12-22 14:04:39,224MiB / 7.654GiB,2.86%,108.10%,45.8MB / 20.6MB,158MB / 71.4MB
2025-12-22 14:04:51,223.9MiB / 7.654GiB,2.86%,104.60%,46MB / 20.6MB,158MB / 71.4MB
2025-12-22 14:05:03,224.3MiB / 7.654GiB,2.86%,95.13%,46.1MB / 20.7MB,158MB / 71.4MB
2025-12-22 14:05:15,224.5MiB / 7.654GiB,2.86%,99.76%,46.3MB / 20.8MB,158MB / 71.4MB
2025-12-22 14:05:26,224.4MiB / 7.654GiB,2.86%,101.83%,46.5MB / 20.9MB,158MB / 71.4MB
2025-12-22 14:05:38,224.6MiB / 7.654GiB,2.87%,104.60%,46.7MB / 21MB,158MB / 71.4MB
2025-12-22 14:05:50,224.7MiB / 7.654GiB,2.87%,103.34%,46.9MB / 21.1MB,158MB / 71.4MB
2025-12-22 14:06:03,225.1MiB / 7.654GiB,2.87%,91.32%,47MB / 21.1MB,158MB / 71.5MB
2025-12-22 14:06:14,225MiB / 7.654GiB,2.87%,105.82%,47.1MB / 21.2MB,158MB / 71.5MB
2025-12-22 14:06:26,225.1MiB / 7.654GiB,2.87%,99.04%,47.3MB / 21.3MB,158MB / 71.5MB
2025-12-22 14:06:38,225.9MiB / 7.654GiB,2.88%,101.57%,47.5MB / 21.4MB,158MB / 71.5MB
2025-12-22 14:06:49,225.5MiB / 7.654GiB,2.88%,89.58%,47.7MB / 21.4MB,159MB / 71.5MB
2025-12-22 14:07:01,225.9MiB / 7.654GiB,2.88%,116.66%,47.8MB / 21.5MB,159MB / 71.5MB
2025-12-22 14:07:13,225.8MiB / 7.654GiB,2.88%,96.15%,47.9MB / 21.6MB,159MB / 71.5MB
2025-12-22 14:07:25,225.9MiB / 7.654GiB,2.88%,94.70%,48.1MB / 21.7MB,159MB / 71.5MB
2025-12-22 14:07:36,226.1MiB / 7.654GiB,2.88%,100.42%,48.3MB / 21.8MB,159MB / 71.5MB
2025-12-22 14:07:48,226.5MiB / 7.654GiB,2.89%,102.16%,48.5MB / 21.8MB,159MB / 71.5MB
2025-12-22 14:07:59,226.4MiB / 7.654GiB,2.89%,96.60%,48.6MB / 21.9MB,159MB / 71.5MB
2025-12-22 14:08:12,226.6MiB / 7.654GiB,2.89%,100.04%,48.7MB / 22MB,159MB / 71.5MB
2025-12-22 14:08:23,227.8MiB / 7.654GiB,2.91%,96.62%,48.9MB / 22MB,159MB / 71.6MB
2025-12-22 14:08:35,226.9MiB / 7.654GiB,2.89%,100.46%,49.1MB / 22.1MB,159MB / 71.6MB
2025-12-22 14:08:46,227MiB / 7.654GiB,2.90%,101.13%,49.3MB / 22.2MB,159MB / 71.6MB
2025-12-22 14:08:58,227.2MiB / 7.654GiB,2.90%,102.77%,49.4MB / 22.3MB,159MB / 71.6MB
2025-12-22 14:09:10,227.7MiB / 7.654GiB,2.91%,103.94%,49.5MB / 22.3MB,159MB / 71.6MB
2025-12-22 14:09:22,227.7MiB / 7.654GiB,2.91%,84.60%,49.7MB / 22.4MB,159MB / 71.6MB
2025-12-22 14:09:33,227.9MiB / 7.654GiB,2.91%,95.59%,49.8MB / 22.4MB,159MB / 71.6MB
2025-12-22 14:09:45,227.8MiB / 7.654GiB,2.91%,97.00%,50MB / 22.5MB,159MB / 71.6MB
2025-12-22 14:09:57,228.2MiB / 7.654GiB,2.91%,101.33%,50.1MB / 22.6MB,159MB / 71.6MB
2025-12-22 14:10:08,228.1MiB / 7.654GiB,2.91%,90.74%,50.3MB / 22.7MB,159MB / 71.6MB
2025-12-22 14:10:21,228.5MiB / 7.654GiB,2.92%,103.08%,50.4MB / 22.7MB,159MB / 71.6MB
2025-12-22 14:10:33,228.4MiB / 7.654GiB,2.91%,99.77%,50.6MB / 22.8MB,159MB / 71.7MB
2025-12-22 14:10:44,228.6MiB / 7.654GiB,2.92%,87.11%,50.7MB / 22.9MB,159MB / 71.7MB
2025-12-22 14:10:56,228.7MiB / 7.654GiB,2.92%,101.08%,50.9MB / 23MB,159MB / 71.7MB
2025-12-22 14:11:07,228.9MiB / 7.654GiB,2.92%,92.55%,51.1MB / 23.1MB,159MB / 71.7MB
2025-12-22 14:11:19,229.1MiB / 7.654GiB,2.92%,98.46%,51.3MB / 23.2MB,159MB / 71.7MB
2025-12-22 14:11:31,229.4MiB / 7.654GiB,2.93%,85.74%,51.5MB / 23.2MB,159MB / 71.7MB
2025-12-22 14:11:43,229.6MiB / 7.654GiB,2.93%,85.58%,51.6MB / 23.3MB,159MB / 71.7MB
2025-12-22 14:11:55,229.6MiB / 7.654GiB,2.93%,102.36%,51.7MB / 23.4MB,159MB / 71.7MB
2025-12-22 14:12:06,229.7MiB / 7.654GiB,2.93%,100.34%,51.9MB / 23.4MB,159MB / 71.7MB
2025-12-22 14:12:18,231.5MiB / 7.654GiB,2.95%,100.71%,52.1MB / 23.5MB,159MB / 71.7MB
2025-12-22 14:12:31,230.2MiB / 7.654GiB,2.94%,88.31%,52.2MB / 23.6MB,159MB / 71.7MB
2025-12-22 14:12:43,230.3MiB / 7.654GiB,2.94%,97.19%,52.4MB / 23.6MB,159MB / 71.8MB
2025-12-22 14:12:54,230.4MiB / 7.654GiB,2.94%,105.96%,52.5MB / 23.7MB,159MB / 71.8MB
2025-12-22 14:13:06,230.8MiB / 7.654GiB,2.95%,92.82%,52.7MB / 23.8MB,159MB / 71.8MB
2025-12-22 14:13:17,230.7MiB / 7.654GiB,2.94%,98.59%,52.8MB / 23.8MB,159MB / 71.8MB
2025-12-22 14:13:29,231.2MiB / 7.654GiB,2.95%,96.77%,53MB / 23.9MB,159MB / 71.8MB
2025-12-22 14:13:42,231.1MiB / 7.654GiB,2.95%,92.98%,53.1MB / 24MB,159MB / 71.8MB
2025-12-22 14:13:53,231.5MiB / 7.654GiB,2.95%,104.14%,53.3MB / 24.1MB,159MB / 71.8MB
2025-12-22 14:14:05,231.4MiB / 7.654GiB,2.95%,100.06%,53.4MB / 24.1MB,159MB / 71.8MB
2025-12-22 14:14:17,231.5MiB / 7.654GiB,2.95%,96.84%,53.6MB / 24.2MB,159MB / 71.8MB
2025-12-22 14:14:28,231.7MiB / 7.654GiB,2.96%,100.15%,53.7MB / 24.2MB,159MB / 71.8MB
2025-12-22 14:14:41,231.9MiB / 7.654GiB,2.96%,100.97%,53.9MB / 24.3MB,159MB / 71.8MB
2025-12-22 14:14:53,232MiB / 7.654GiB,2.96%,103.80%,54MB / 24.4MB,159MB / 71.8MB
2025-12-22 14:15:05,232.4MiB / 7.654GiB,2.97%,92.99%,54.2MB / 24.5MB,159MB / 71.9MB
2025-12-22 14:15:16,233.4MiB / 7.654GiB,2.98%,100.31%,54.3MB / 24.5MB,159MB / 71.9MB
2025-12-22 14:15:28,232.4MiB / 7.654GiB,2.97%,97.73%,54.4MB / 24.6MB,159MB / 71.9MB
2025-12-22 14:15:39,232.9MiB / 7.654GiB,2.97%,105.61%,54.6MB / 24.6MB,159MB / 71.9MB
2025-12-22 14:15:52,232.8MiB / 7.654GiB,2.97%,95.50%,54.8MB / 24.7MB,159MB / 71.9MB
2025-12-22 14:16:03,232.2MiB / 7.654GiB,2.96%,100.70%,54.9MB / 24.8MB,159MB / 71.9MB
2025-12-22 14:16:15,232.4MiB / 7.654GiB,2.97%,101.15%,55.1MB / 24.9MB,159MB / 71.9MB
2025-12-22 14:16:26,232.2MiB / 7.654GiB,2.96%,108.25%,55.2MB / 24.9MB,159MB / 71.9MB
2025-12-22 14:16:38,233MiB / 7.654GiB,2.97%,107.28%,55.4MB / 25MB,159MB / 71.9MB
2025-12-22 14:16:51,233.5MiB / 7.654GiB,2.98%,92.30%,55.5MB / 25.1MB,159MB / 71.9MB
2025-12-22 14:17:03,233.7MiB / 7.654GiB,2.98%,99.32%,55.7MB / 25.1MB,159MB / 72MB
2025-12-22 14:17:15,234.1MiB / 7.654GiB,2.99%,102.78%,55.9MB / 25.2MB,159MB / 72MB
2025-12-22 14:17:26,234MiB / 7.654GiB,2.99%,98.82%,56MB / 25.3MB,159MB / 72MB
2025-12-22 14:17:38,234.1MiB / 7.654GiB,2.99%,100.20%,56.2MB / 25.4MB,159MB / 72MB
2025-12-22 14:17:49,233.6MiB / 7.654GiB,2.98%,115.72%,56.3MB / 25.4MB,159MB / 72MB
2025-12-22 14:18:02,234.3MiB / 7.654GiB,2.99%,97.93%,56.4MB / 25.5MB,159MB / 72MB
2025-12-22 14:18:13,234.8MiB / 7.654GiB,3.00%,102.28%,56.6MB / 25.5MB,159MB / 72MB
2025-12-22 14:18:25,234.8MiB / 7.654GiB,3.00%,99.03%,56.7MB / 25.6MB,159MB / 72MB
2025-12-22 14:18:36,234.9MiB / 7.654GiB,3.00%,100.66%,56.9MB / 25.7MB,159MB / 72MB
2025-12-22 14:18:48,235.4MiB / 7.654GiB,3.00%,93.42%,57.1MB / 25.8MB,159MB / 72MB
2025-12-22 14:19:01,235.3MiB / 7.654GiB,3.00%,91.10%,57.2MB / 25.8MB,159MB / 72MB
2025-12-22 14:19:13,235.5MiB / 7.654GiB,3.00%,96.34%,57.3MB / 25.9MB,159MB / 72MB
2025-12-22 14:19:24,235.8MiB / 7.654GiB,3.01%,98.08%,57.5MB / 25.9MB,159MB / 72.1MB
2025-12-22 14:19:36,235.7MiB / 7.654GiB,3.01%,98.08%,57.6MB / 26MB,159MB / 72.1MB
2025-12-22 14:19:48,236.1MiB / 7.654GiB,3.01%,100.58%,57.8MB / 26.1MB,159MB / 72.1MB
2025-12-22 14:19:59,236.3MiB / 7.654GiB,3.02%,100.03%,58MB / 26.2MB,159MB / 72.1MB
2025-12-22 14:20:12,236.5MiB / 7.654GiB,3.02%,85.46%,58.1MB / 26.2MB,159MB / 72.1MB
2025-12-22 14:20:23,236.4MiB / 7.654GiB,3.02%,97.95%,58.3MB / 26.3MB,159MB / 72.1MB
2025-12-22 14:20:35,236.8MiB / 7.654GiB,3.02%,97.51%,58.4MB / 26.4MB,159MB / 72.1MB
2025-12-22 14:20:46,236.7MiB / 7.654GiB,3.02%,114.77%,58.5MB / 26.4MB,159MB / 72.1MB
2025-12-22 14:20:58,236.9MiB / 7.654GiB,3.02%,107.45%,58.6MB / 26.5MB,159MB / 72.1MB
2025-12-22 14:21:10,237MiB / 7.654GiB,3.02%,95.42%,58.8MB / 26.6MB,159MB / 72.2MB
2025-12-22 14:21:22,236.8MiB / 7.654GiB,3.02%,102.25%,59MB / 26.7MB,159MB / 73MB
2025-12-22 14:21:33,238.4MiB / 7.654GiB,3.04%,111.86%,59.2MB / 26.7MB,159MB / 73.2MB
2025-12-22 14:21:45,236.7MiB / 7.654GiB,3.02%,95.33%,59.3MB / 26.8MB,159MB / 73.2MB
2025-12-22 14:21:56,236.9MiB / 7.654GiB,3.02%,91.07%,59.4MB / 26.9MB,159MB / 73.3MB
2025-12-22 14:22:08,237.8MiB / 7.654GiB,3.03%,99.30%,59.6MB / 26.9MB,159MB / 73.3MB
2025-12-22 14:22:20,237.2MiB / 7.654GiB,3.03%,102.46%,59.7MB / 27MB,159MB / 73.3MB
2025-12-22 14:22:32,237MiB / 7.654GiB,3.02%,104.11%,59.9MB / 27MB,159MB / 73.5MB
2025-12-22 14:22:44,237MiB / 7.654GiB,3.02%,100.98%,60MB / 27.1MB,159MB / 73.6MB
2025-12-22 14:22:55,237.4MiB / 7.654GiB,3.03%,91.75%,60.2MB / 27.2MB,159MB / 73.6MB
2025-12-22 14:23:07,237.2MiB / 7.654GiB,3.03%,93.57%,60.3MB / 27.2MB,159MB / 73.7MB
2025-12-22 14:23:18,235.6MiB / 7.654GiB,3.01%,100.32%,60.5MB / 27.3MB,159MB / 76MB
2025-12-22 14:23:31,235.5MiB / 7.654GiB,3.00%,84.89%,60.6MB / 27.4MB,160MB / 76.4MB
2025-12-22 14:23:43,235.1MiB / 7.654GiB,3.00%,102.87%,60.8MB / 27.4MB,160MB / 76.5MB
2025-12-22 14:23:54,226.3MiB / 7.654GiB,2.89%,95.27%,60.9MB / 27.5MB,160MB / 76.6MB
2025-12-22 14:24:06,225.5MiB / 7.654GiB,2.88%,99.94%,61.1MB / 27.6MB,160MB / 76.6MB
2025-12-22 14:24:18,226.8MiB / 7.654GiB,2.89%,124.93%,61.3MB / 27.7MB,160MB / 76.6MB
2025-12-22 14:24:29,227MiB / 7.654GiB,2.90%,130.24%,61.4MB / 27.8MB,160MB / 76.6MB
2025-12-22 14:24:42,226.2MiB / 7.654GiB,2.89%,92.78%,61.5MB / 27.8MB,160MB / 76.6MB
2025-12-22 14:24:53,226.1MiB / 7.654GiB,2.89%,97.37%,61.7MB / 27.9MB,160MB / 76.6MB
2025-12-22 14:25:05,226.3MiB / 7.654GiB,2.89%,98.32%,61.8MB / 27.9MB,160MB / 76.6MB
2025-12-22 14:25:17,226.6MiB / 7.654GiB,2.89%,99.86%,61.9MB / 28MB,160MB / 76.6MB
2025-12-22 14:25:28,226.5MiB / 7.654GiB,2.89%,98.76%,62.1MB / 28.1MB,160MB / 76.6MB
2025-12-22 14:25:41,226.7MiB / 7.654GiB,2.89%,105.70%,62.3MB / 28.1MB,160MB / 76.7MB
2025-12-22 14:25:53,228MiB / 7.654GiB,2.91%,98.04%,62.4MB / 28.2MB,160MB / 76.7MB
2025-12-22 14:26:05,228.2MiB / 7.654GiB,2.91%,96.39%,62.5MB / 28.2MB,160MB / 76.7MB
2025-12-22 14:26:16,228.1MiB / 7.654GiB,2.91%,98.13%,62.6MB / 28.3MB,160MB / 76.7MB
2025-12-22 14:26:28,228.3MiB / 7.654GiB,2.91%,108.29%,62.8MB / 28.3MB,160MB / 76.7MB
2025-12-22 14:26:41,228.4MiB / 7.654GiB,2.91%,100.59%,62.9MB / 28.4MB,160MB / 76.7MB
2025-12-22 14:26:53,227.8MiB / 7.654GiB,2.91%,101.75%,63.1MB / 28.5MB,160MB / 76.7MB
2025-12-22 14:27:04,229MiB / 7.654GiB,2.92%,100.23%,63.2MB / 28.6MB,160MB / 76.7MB
2025-12-22 14:27:16,228.9MiB / 7.654GiB,2.92%,94.86%,63.4MB / 28.6MB,160MB / 76.7MB
2025-12-22 14:27:28,229.3MiB / 7.654GiB,2.93%,99.54%,63.6MB / 28.7MB,160MB / 76.7MB
2025-12-22 14:27:39,229.2MiB / 7.654GiB,2.92%,127.21%,63.7MB / 28.8MB,160MB / 76.8MB
2025-12-22 14:27:52,229.3MiB / 7.654GiB,2.93%,92.92%,63.8MB / 28.8MB,160MB / 76.8MB
2025-12-22 14:28:04,229.5MiB / 7.654GiB,2.93%,100.12%,63.9MB / 28.9MB,160MB / 76.8MB
2025-12-22 14:28:16,229.6MiB / 7.654GiB,2.93%,100.52%,64.1MB / 28.9MB,160MB / 76.8MB
2025-12-22 14:28:27,231.6MiB / 7.654GiB,2.96%,102.26%,64.3MB / 29MB,160MB / 76.8MB
2025-12-22 14:28:39,230MiB / 7.654GiB,2.93%,101.57%,64.5MB / 29.1MB,160MB / 76.8MB
2025-12-22 14:28:51,230.1MiB / 7.654GiB,2.94%,96.59%,64.6MB / 29.2MB,160MB / 76.8MB
2025-12-22 14:29:03,230.5MiB / 7.654GiB,2.94%,96.61%,64.8MB / 29.3MB,160MB / 76.8MB
2025-12-22 14:29:14,230.4MiB / 7.654GiB,2.94%,96.71%,64.9MB / 29.3MB,160MB / 76.8MB
2025-12-22 14:29:26,230.5MiB / 7.654GiB,2.94%,101.39%,65.1MB / 29.4MB,160MB / 76.8MB
2025-12-22 14:29:38,234MiB / 7.654GiB,2.99%,102.25%,65.3MB / 29.5MB,160MB / 76.8MB
2025-12-22 14:29:49,230.9MiB / 7.654GiB,2.95%,101.39%,65.5MB / 29.6MB,160MB / 76.8MB
2025-12-22 14:30:01,231.3MiB / 7.654GiB,2.95%,96.95%,65.6MB / 29.7MB,160MB / 76.9MB
2025-12-22 14:30:13,231.4MiB / 7.654GiB,2.95%,90.05%,65.8MB / 29.7MB,160MB / 76.9MB
2025-12-22 14:30:24,231.4MiB / 7.654GiB,2.95%,100.59%,65.9MB / 29.8MB,160MB / 76.9MB
2025-12-22 14:30:36,231.7MiB / 7.654GiB,2.96%,95.59%,66.1MB / 29.9MB,160MB / 76.9MB
2025-12-22 14:30:48,231.7MiB / 7.654GiB,2.96%,99.20%,66.2MB / 30MB,160MB / 76.9MB
2025-12-22 14:30:59,231.9MiB / 7.654GiB,2.96%,99.98%,66.4MB / 30.1MB,160MB / 76.9MB
2025-12-22 14:31:11,232MiB / 7.654GiB,2.96%,100.86%,66.6MB / 30.2MB,160MB / 76.9MB
2025-12-22 14:31:23,232.1MiB / 7.654GiB,2.96%,99.03%,66.8MB / 30.2MB,160MB / 76.9MB
2025-12-22 14:31:34,232.5MiB / 7.654GiB,2.97%,89.42%,66.9MB / 30.3MB,160MB / 76.9MB
2025-12-22 14:31:46,232.6MiB / 7.654GiB,2.97%,98.36%,67.1MB / 30.4MB,160MB / 76.9MB
2025-12-22 14:31:58,232.6MiB / 7.654GiB,2.97%,91.52%,67.2MB / 30.4MB,160MB / 77MB
2025-12-22 14:32:09,232.7MiB / 7.654GiB,2.97%,100.10%,67.4MB / 30.5MB,160MB / 77MB
2025-12-22 14:32:21,232.9MiB / 7.654GiB,2.97%,102.13%,67.6MB / 30.6MB,160MB / 77MB
2025-12-22 14:32:33,233.3MiB / 7.654GiB,2.98%,88.30%,67.8MB / 30.7MB,160MB / 77MB
2025-12-22 14:32:44,233.2MiB / 7.654GiB,2.98%,101.57%,67.9MB / 30.8MB,160MB / 77MB
2025-12-22 14:32:56,233.6MiB / 7.654GiB,2.98%,92.36%,68.1MB / 30.8MB,160MB / 77MB
2025-12-22 14:33:08,233.5MiB / 7.654GiB,2.98%,96.56%,68.2MB / 30.9MB,160MB / 77MB
2025-12-22 14:33:19,233.7MiB / 7.654GiB,2.98%,92.78%,68.4MB / 31MB,160MB / 77MB
2025-12-22 14:33:31,234.1MiB / 7.654GiB,2.99%,102.33%,68.5MB / 31.1MB,160MB / 77MB
2025-12-22 14:33:43,235.6MiB / 7.654GiB,3.01%,100.39%,68.8MB / 31.2MB,160MB / 77MB
2025-12-22 14:33:54,234.4MiB / 7.654GiB,2.99%,93.83%,68.9MB / 31.3MB,160MB / 77MB
2025-12-22 14:34:06,236.3MiB / 7.654GiB,3.02%,97.39%,69.1MB / 31.3MB,160MB / 77.1MB
2025-12-22 14:34:18,234.7MiB / 7.654GiB,3.00%,85.25%,69.2MB / 31.4MB,160MB / 77.1MB
2025-12-22 14:34:29,234.6MiB / 7.654GiB,2.99%,109.30%,69.4MB / 31.4MB,160MB / 77.1MB
2025-12-22 14:34:42,235MiB / 7.654GiB,3.00%,100.93%,69.5MB / 31.5MB,160MB / 77.1MB
2025-12-22 14:34:54,234.9MiB / 7.654GiB,3.00%,99.23%,69.6MB / 31.6MB,160MB / 77.1MB
2025-12-22 14:35:05,235.1MiB / 7.654GiB,3.00%,101.15%,69.8MB / 31.7MB,160MB / 77.1MB
2025-12-22 14:35:17,235.2MiB / 7.654GiB,3.00%,100.69%,70MB / 31.8MB,160MB / 77.1MB
2025-12-22 14:35:28,235.4MiB / 7.654GiB,3.00%,100.06%,70.2MB / 31.8MB,160MB / 77.1MB
2025-12-22 14:35:42,235.5MiB / 7.654GiB,3.01%,102.09%,70.3MB / 31.9MB,160MB / 77.1MB
2025-12-22 14:35:53,236MiB / 7.654GiB,3.01%,89.45%,70.4MB / 31.9MB,160MB / 77.1MB
2025-12-22 14:36:05,235.8MiB / 7.654GiB,3.01%,95.03%,70.6MB / 32MB,160MB / 77.2MB
2025-12-22 14:36:17,236MiB / 7.654GiB,3.01%,98.32%,70.7MB / 32.1MB,160MB / 77.2MB
2025-12-22 14:36:28,236.4MiB / 7.654GiB,3.02%,100.72%,70.9MB / 32.2MB,160MB / 77.2MB
2025-12-22 14:36:40,236.3MiB / 7.654GiB,3.02%,100.56%,71.1MB / 32.3MB,160MB / 77.2MB
2025-12-22 14:36:52,236.4MiB / 7.654GiB,3.02%,102.66%,71.3MB / 32.3MB,160MB / 77.2MB
2025-12-22 14:37:04,236.8MiB / 7.654GiB,3.02%,104.30%,71.4MB / 32.4MB,160MB / 77.2MB
2025-12-22 14:37:15,237MiB / 7.654GiB,3.02%,93.84%,71.6MB / 32.5MB,160MB / 77.2MB
2025-12-22 14:37:27,236.9MiB / 7.654GiB,3.02%,95.88%,71.7MB / 32.5MB,160MB / 77.2MB
2025-12-22 14:37:38,237.3MiB / 7.654GiB,3.03%,86.98%,71.8MB / 32.6MB,160MB / 77.2MB
2025-12-22 14:37:51,237.5MiB / 7.654GiB,3.03%,100.71%,72MB / 32.7MB,160MB / 77.2MB
2025-12-22 14:38:03,237.6MiB / 7.654GiB,3.03%,99.46%,72.2MB / 32.8MB,160MB / 77.2MB
2025-12-22 14:38:14,237.5MiB / 7.654GiB,3.03%,95.99%,72.4MB / 32.9MB,161MB / 77.3MB
2025-12-22 14:38:26,237.6MiB / 7.654GiB,3.03%,99.63%,72.5MB / 32.9MB,161MB / 77.3MB
2025-12-22 14:38:38,237.8MiB / 7.654GiB,3.03%,89.93%,72.7MB / 33MB,161MB / 77.3MB
2025-12-22 14:38:49,238MiB / 7.654GiB,3.04%,87.27%,72.8MB / 33MB,161MB / 77.3MB
2025-12-22 14:39:01,238.4MiB / 7.654GiB,3.04%,96.74%,73MB / 33.1MB,161MB / 77.3MB
2025-12-22 14:39:13,238.3MiB / 7.654GiB,3.04%,100.60%,73.1MB / 33.2MB,161MB / 77.3MB
2025-12-22 14:39:25,238.4MiB / 7.654GiB,3.04%,100.87%,73.3MB / 33.3MB,161MB / 77.3MB
2025-12-22 14:39:36,238.8MiB / 7.654GiB,3.05%,87.41%,73.5MB / 33.4MB,161MB / 77.3MB
2025-12-22 14:39:48,238MiB / 7.654GiB,3.04%,98.94%,73.6MB / 33.5MB,161MB / 77.3MB
2025-12-22 14:39:59,238MiB / 7.654GiB,3.04%,90.78%,73.8MB / 33.5MB,161MB / 77.3MB
2025-12-22 14:40:11,238MiB / 7.654GiB,3.04%,101.65%,73.9MB / 33.6MB,161MB / 77.4MB
2025-12-22 14:40:23,238.4MiB / 7.654GiB,3.04%,98.20%,74.1MB / 33.7MB,161MB / 77.4MB
2025-12-22 14:40:35,239.3MiB / 7.654GiB,3.05%,98.07%,74.3MB / 33.8MB,161MB / 77.4MB
2025-12-22 14:40:46,238.8MiB / 7.654GiB,3.05%,100.75%,74.5MB / 33.9MB,161MB / 77.4MB
2025-12-22 14:40:58,238.9MiB / 7.654GiB,3.05%,91.24%,74.6MB / 33.9MB,161MB / 77.4MB
2025-12-22 14:41:09,238.8MiB / 7.654GiB,3.05%,82.87%,74.8MB / 34MB,161MB / 77.4MB
2025-12-22 14:41:21,239MiB / 7.654GiB,3.05%,88.76%,75MB / 34.1MB,161MB / 77.4MB
2025-12-22 14:41:33,239.7MiB / 7.654GiB,3.06%,100.05%,75.1MB / 34.1MB,161MB / 77.4MB
2025-12-22 14:41:45,240.3MiB / 7.654GiB,3.07%,96.84%,75.3MB / 34.2MB,161MB / 77.4MB
2025-12-22 14:41:56,240.5MiB / 7.654GiB,3.07%,99.46%,75.4MB / 34.3MB,161MB / 77.4MB
2025-12-22 14:42:08,240.6MiB / 7.654GiB,3.07%,99.53%,75.6MB / 34.4MB,161MB / 77.4MB
2025-12-22 14:42:19,240.7MiB / 7.654GiB,3.07%,96.00%,75.8MB / 34.5MB,161MB / 77.5MB
2025-12-22 14:42:32,243MiB / 7.654GiB,3.10%,104.18%,76MB / 34.5MB,161MB / 77.5MB
2025-12-22 14:42:44,241MiB / 7.654GiB,3.08%,103.80%,76.1MB / 34.6MB,161MB / 77.5MB
2025-12-22 14:42:55,241.5MiB / 7.654GiB,3.08%,93.26%,76.2MB / 34.7MB,161MB / 77.5MB
2025-12-22 14:43:07,241.6MiB / 7.654GiB,3.08%,102.77%,76.4MB / 34.7MB,161MB / 77.5MB
2025-12-22 14:43:18,241.8MiB / 7.654GiB,3.09%,98.57%,76.5MB / 34.8MB,161MB / 77.5MB
2025-12-22 14:43:31,241.7MiB / 7.654GiB,3.08%,102.09%,76.7MB / 34.9MB,161MB / 77.5MB
2025-12-22 14:43:43,240.9MiB / 7.654GiB,3.07%,102.00%,76.9MB / 35MB,161MB / 77.5MB
2025-12-22 14:43:55,242MiB / 7.654GiB,3.09%,101.66%,77.1MB / 35.1MB,161MB / 77.5MB
2025-12-22 14:44:06,242.4MiB / 7.654GiB,3.09%,99.66%,77.2MB / 35.2MB,161MB / 77.5MB
2025-12-22 14:44:18,242.6MiB / 7.654GiB,3.10%,82.24%,77.4MB / 35.2MB,161MB / 77.5MB
2025-12-22 14:44:29,242.7MiB / 7.654GiB,3.10%,98.36%,77.6MB / 35.3MB,161MB / 77.5MB
2025-12-22 14:44:41,242.4MiB / 7.654GiB,3.09%,88.48%,77.7MB / 35.4MB,161MB / 77.6MB
2025-12-22 14:44:53,242.4MiB / 7.654GiB,3.09%,99.74%,77.9MB / 35.4MB,161MB / 77.6MB
2025-12-22 14:45:05,243.3MiB / 7.654GiB,3.10%,99.76%,78MB / 35.5MB,161MB / 77.6MB
2025-12-22 14:45:16,243.3MiB / 7.654GiB,3.10%,99.25%,78.2MB / 35.6MB,161MB / 77.6MB
2025-12-22 14:45:28,243.3MiB / 7.654GiB,3.10%,96.72%,78.4MB / 35.7MB,161MB / 77.6MB
2025-12-22 14:45:39,244.7MiB / 7.654GiB,3.12%,87.72%,78.6MB / 35.8MB,161MB / 77.6MB
2025-12-22 14:45:51,243.6MiB / 7.654GiB,3.11%,94.31%,78.7MB / 35.8MB,161MB / 77.6MB
2025-12-22 14:46:03,244MiB / 7.654GiB,3.11%,91.20%,78.9MB / 35.9MB,161MB / 77.6MB
2025-12-22 14:46:15,243.9MiB / 7.654GiB,3.11%,101.64%,79MB / 36MB,161MB / 77.6MB
2025-12-22 14:46:26,244.1MiB / 7.654GiB,3.11%,101.24%,79.2MB / 36.1MB,161MB / 77.6MB
2025-12-22 14:46:38,244.3MiB / 7.654GiB,3.12%,95.68%,79.4MB / 36.2MB,161MB / 77.7MB
2025-12-22 14:46:49,244.7MiB / 7.654GiB,3.12%,99.16%,79.6MB / 36.3MB,161MB / 77.7MB
2025-12-22 14:47:01,244.9MiB / 7.654GiB,3.12%,92.70%,79.7MB / 36.3MB,161MB / 77.7MB
2025-12-22 14:47:13,244.8MiB / 7.654GiB,3.12%,101.10%,79.8MB / 36.4MB,161MB / 77.7MB
2025-12-22 14:47:25,245.1MiB / 7.654GiB,3.13%,95.99%,80MB / 36.4MB,161MB / 77.7MB
2025-12-22 14:47:36,245.3MiB / 7.654GiB,3.13%,99.02%,80.1MB / 36.5MB,161MB / 77.7MB
2025-12-22 14:47:48,245.2MiB / 7.654GiB,3.13%,99.60%,80.3MB / 36.6MB,161MB / 77.7MB
2025-12-22 14:48:00,245.4MiB / 7.654GiB,3.13%,96.64%,80.4MB / 36.7MB,161MB / 77.7MB
2025-12-22 14:48:12,245.6MiB / 7.654GiB,3.13%,100.51%,80.6MB / 36.7MB,161MB / 77.7MB
2025-12-22 14:48:24,246MiB / 7.654GiB,3.14%,98.82%,80.8MB / 36.8MB,161MB / 77.7MB
2025-12-22 14:48:35,245.9MiB / 7.654GiB,3.14%,99.36%,81MB / 36.9MB,161MB / 77.7MB
2025-12-22 14:48:47,246.3MiB / 7.654GiB,3.14%,96.37%,81.1MB / 37MB,161MB / 77.7MB
2025-12-22 14:48:58,246.5MiB / 7.654GiB,3.15%,90.22%,81.2MB / 37MB,161MB / 77.8MB
2025-12-22 14:49:11,248.5MiB / 7.654GiB,3.17%,103.48%,81.4MB / 37.1MB,161MB / 77.8MB
2025-12-22 14:49:23,246.6MiB / 7.654GiB,3.15%,98.02%,81.5MB / 37.2MB,161MB / 77.8MB
2025-12-22 14:49:35,246.7MiB / 7.654GiB,3.15%,100.21%,81.7MB / 37.3MB,161MB / 77.8MB
2025-12-22 14:49:46,247.2MiB / 7.654GiB,3.15%,102.13%,81.9MB / 37.4MB,161MB / 77.8MB
2025-12-22 14:49:58,247.3MiB / 7.654GiB,3.16%,90.85%,82.1MB / 37.4MB,161MB / 77.8MB
2025-12-22 14:50:09,247.3MiB / 7.654GiB,3.16%,95.82%,82.2MB / 37.5MB,161MB / 77.8MB
2025-12-22 14:50:21,247.5MiB / 7.654GiB,3.16%,93.56%,82.4MB / 37.5MB,161MB / 77.8MB
2025-12-22 14:50:33,247.6MiB / 7.654GiB,3.16%,102.61%,82.5MB / 37.6MB,161MB / 77.8MB
2025-12-22 14:50:45,247.8MiB / 7.654GiB,3.16%,94.10%,82.6MB / 37.7MB,161MB / 77.8MB
2025-12-22 14:50:56,248MiB / 7.654GiB,3.16%,98.89%,82.8MB / 37.7MB,161MB / 77.8MB
2025-12-22 14:51:08,249.7MiB / 7.654GiB,3.19%,109.36%,83MB / 37.8MB,161MB / 77.9MB
2025-12-22 14:51:20,248.2MiB / 7.654GiB,3.17%,104.29%,83.2MB / 37.9MB,161MB / 77.9MB
2025-12-22 14:51:32,248.6MiB / 7.654GiB,3.17%,101.51%,83.3MB / 38MB,161MB / 77.9MB
2025-12-22 14:51:44,248.5MiB / 7.654GiB,3.17%,94.84%,83.5MB / 38.1MB,161MB / 77.9MB
2025-12-22 14:51:55,248.7MiB / 7.654GiB,3.17%,99.49%,83.6MB / 38.1MB,161MB / 77.9MB
2025-12-22 14:52:07,248.9MiB / 7.654GiB,3.18%,93.40%,83.8MB / 38.2MB,161MB / 77.9MB
2025-12-22 14:52:19,249MiB / 7.654GiB,3.18%,98.92%,83.9MB / 38.3MB,161MB / 77.9MB
2025-12-22 14:52:31,251.8MiB / 7.654GiB,3.21%,100.41%,84.1MB / 38.4MB,162MB / 77.9MB
2025-12-22 14:52:43,249.5MiB / 7.654GiB,3.18%,98.54%,84.3MB / 38.5MB,162MB / 77.9MB
2025-12-22 14:52:55,249.4MiB / 7.654GiB,3.18%,100.56%,84.5MB / 38.6MB,162MB / 77.9MB
2025-12-22 14:53:06,249.6MiB / 7.654GiB,3.18%,96.04%,84.7MB / 38.6MB,162MB / 78MB
2025-12-22 14:53:18,249.7MiB / 7.654GiB,3.19%,97.79%,84.8MB / 38.7MB,162MB / 78MB
2025-12-22 14:53:30,251.4MiB / 7.654GiB,3.21%,106.66%,84.9MB / 38.8MB,162MB / 78MB
2025-12-22 14:53:41,250MiB / 7.654GiB,3.19%,96.18%,85.1MB / 38.8MB,162MB / 78MB
2025-12-22 14:53:53,250.5MiB / 7.654GiB,3.20%,97.12%,85.2MB / 38.9MB,162MB / 78MB
2025-12-22 14:54:05,250.6MiB / 7.654GiB,3.20%,96.42%,85.4MB / 39MB,162MB / 78MB
2025-12-22 14:54:16,250.5MiB / 7.654GiB,3.20%,101.35%,85.6MB / 39.1MB,162MB / 78MB
2025-12-22 14:54:28,250.7MiB / 7.654GiB,3.20%,100.75%,85.8MB / 39.2MB,162MB / 78MB
2025-12-22 14:54:40,250.8MiB / 7.654GiB,3.20%,89.39%,85.9MB / 39.2MB,162MB / 78MB
2025-12-22 14:54:51,251.2MiB / 7.654GiB,3.21%,90.12%,86.1MB / 39.3MB,162MB / 78MB
2025-12-22 14:55:03,251.1MiB / 7.654GiB,3.20%,94.99%,86.2MB / 39.3MB,162MB / 78.1MB
2025-12-22 14:55:15,251.3MiB / 7.654GiB,3.21%,98.91%,86.3MB / 39.4MB,162MB / 78.1MB
2025-12-22 14:55:26,251.7MiB / 7.654GiB,3.21%,103.97%,86.5MB / 39.5MB,162MB / 78.1MB
2025-12-22 14:55:38,251.9MiB / 7.654GiB,3.21%,100.21%,86.7MB / 39.6MB,162MB / 78.1MB
2025-12-22 14:55:50,251.8MiB / 7.654GiB,3.21%,102.64%,86.9MB / 39.7MB,162MB / 78.1MB
2025-12-22 14:56:02,252MiB / 7.654GiB,3.21%,98.42%,87.1MB / 39.8MB,162MB / 78.1MB
2025-12-22 14:56:14,252.1MiB / 7.654GiB,3.22%,102.47%,87.2MB / 39.8MB,162MB / 78.1MB
2025-12-22 14:56:26,252.4MiB / 7.654GiB,3.22%,96.76%,87.4MB / 39.9MB,162MB / 78.1MB
2025-12-22 14:56:37,252.4MiB / 7.654GiB,3.22%,97.60%,87.5MB / 40MB,162MB / 78.1MB
2025-12-22 14:56:49,252.8MiB / 7.654GiB,3.23%,90.78%,87.7MB / 40MB,162MB / 78.1MB
2025-12-22 14:57:01,252.9MiB / 7.654GiB,3.23%,93.32%,87.8MB / 40.1MB,162MB / 78.1MB
2025-12-22 14:57:13,252.9MiB / 7.654GiB,3.23%,95.33%,87.9MB / 40.1MB,162MB / 78.2MB
2025-12-22 14:57:25,253MiB / 7.654GiB,3.23%,96.90%,88.1MB / 40.2MB,162MB / 78.2MB
2025-12-22 14:57:36,253.2MiB / 7.654GiB,3.23%,100.42%,88.3MB / 40.3MB,162MB / 78.2MB
2025-12-22 14:57:48,253.3MiB / 7.654GiB,3.23%,99.25%,88.5MB / 40.4MB,162MB / 78.2MB
2025-12-22 14:58:00,253.5MiB / 7.654GiB,3.23%,98.45%,88.6MB / 40.5MB,162MB / 78.2MB
2025-12-22 14:58:11,253.6MiB / 7.654GiB,3.24%,99.23%,88.8MB / 40.5MB,162MB / 78.2MB
2025-12-22 14:58:23,253.8MiB / 7.654GiB,3.24%,98.14%,88.9MB / 40.6MB,162MB / 78.2MB
2025-12-22 14:58:35,254.2MiB / 7.654GiB,3.24%,94.60%,89.1MB / 40.7MB,162MB / 78.2MB
2025-12-22 14:58:47,254.3MiB / 7.654GiB,3.25%,97.99%,89.2MB / 40.7MB,162MB / 78.2MB
2025-12-22 14:58:58,254.2MiB / 7.654GiB,3.24%,99.63%,89.4MB / 40.8MB,162MB / 78.2MB
2025-12-22 14:59:10,254.4MiB / 7.654GiB,3.25%,99.90%,89.6MB / 40.9MB,162MB / 78.2MB
2025-12-22 14:59:22,254.6MiB / 7.654GiB,3.25%,86.56%,89.7MB / 41MB,162MB / 78.2MB
2025-12-22 14:59:34,254.7MiB / 7.654GiB,3.25%,102.36%,89.9MB / 41.1MB,162MB / 78.3MB
2025-12-22 14:59:45,255.1MiB / 7.654GiB,3.25%,93.89%,90.1MB / 41.1MB,162MB / 78.3MB
2025-12-22 14:59:57,255MiB / 7.654GiB,3.25%,98.02%,90.2MB / 41.2MB,162MB / 78.3MB
2025-12-22 15:00:09,255.5MiB / 7.654GiB,3.26%,90.24%,90.3MB / 41.3MB,162MB / 78.3MB
2025-12-22 15:00:21,255.6MiB / 7.654GiB,3.26%,94.94%,90.5MB / 41.3MB,162MB / 78.3MB
2025-12-22 15:00:33,255.5MiB / 7.654GiB,3.26%,99.55%,90.7MB / 41.4MB,162MB / 78.3MB
2025-12-22 15:00:45,258.3MiB / 7.654GiB,3.30%,97.47%,90.9MB / 41.5MB,162MB / 78.3MB
2025-12-22 15:00:57,256.1MiB / 7.654GiB,3.27%,101.38%,91MB / 41.6MB,162MB / 78.3MB
2025-12-22 15:01:08,256.2MiB / 7.654GiB,3.27%,90.31%,91.2MB / 41.7MB,162MB / 78.3MB
2025-12-22 15:01:20,256.1MiB / 7.654GiB,3.27%,92.14%,91.3MB / 41.7MB,162MB / 78.3MB
2025-12-22 15:01:32,256.5MiB / 7.654GiB,3.27%,97.79%,91.5MB / 41.8MB,162MB / 78.3MB
2025-12-22 15:01:44,257.8MiB / 7.654GiB,3.29%,95.12%,91.6MB / 41.9MB,162MB / 78.4MB
2025-12-22 15:01:56,256.6MiB / 7.654GiB,3.27%,96.51%,91.8MB / 41.9MB,162MB / 78.4MB
2025-12-22 15:02:07,256.7MiB / 7.654GiB,3.28%,105.16%,92MB / 42MB,162MB / 78.4MB
2025-12-22 15:02:19,256.9MiB / 7.654GiB,3.28%,101.45%,92.2MB / 42.1MB,162MB / 78.4MB
2025-12-22 15:02:31,257.1MiB / 7.654GiB,3.28%,103.03%,92.3MB / 42.2MB,162MB / 78.4MB
2025-12-22 15:02:43,257.4MiB / 7.654GiB,3.28%,93.28%,92.5MB / 42.3MB,162MB / 78.4MB
2025-12-22 15:02:55,257.4MiB / 7.654GiB,3.28%,99.87%,92.6MB / 42.3MB,162MB / 78.4MB
2025-12-22 15:03:06,257.5MiB / 7.654GiB,3.29%,95.30%,92.8MB / 42.4MB,162MB / 78.4MB
2025-12-22 15:03:18,257.7MiB / 7.654GiB,3.29%,96.14%,92.9MB / 42.5MB,162MB / 78.4MB
2025-12-22 15:03:30,259.1MiB / 7.654GiB,3.31%,89.66%,93.1MB / 42.5MB,162MB / 78.4MB
2025-12-22 15:03:41,258.5MiB / 7.654GiB,3.30%,95.67%,93.2MB / 42.6MB,162MB / 78.4MB
2025-12-22 15:03:53,256.5MiB / 7.654GiB,3.27%,101.15%,93.4MB / 42.7MB,162MB / 79.2MB
2025-12-22 15:04:05,256.7MiB / 7.654GiB,3.27%,96.87%,93.6MB / 42.8MB,162MB / 79.2MB
2025-12-22 15:04:16,254.8MiB / 7.654GiB,3.25%,99.46%,93.8MB / 42.9MB,162MB / 82.1MB
2025-12-22 15:04:28,256.9MiB / 7.654GiB,3.28%,89.62%,93.9MB / 43MB,162MB / 82.1MB
2025-12-22 15:04:40,255.1MiB / 7.654GiB,3.26%,99.58%,94.1MB / 43MB,162MB / 82.1MB
2025-12-22 15:04:51,253.9MiB / 7.654GiB,3.24%,98.98%,94.3MB / 43.1MB,162MB / 82.3MB
2025-12-22 15:05:03,252.1MiB / 7.654GiB,3.22%,93.16%,94.4MB / 43.1MB,163MB / 84.6MB
2025-12-22 15:05:15,252.3MiB / 7.654GiB,3.22%,95.88%,94.5MB / 43.2MB,163MB / 84.6MB
2025-12-22 15:05:27,252.4MiB / 7.654GiB,3.22%,96.02%,94.7MB / 43.3MB,163MB / 84.6MB
2025-12-22 15:05:38,252.6MiB / 7.654GiB,3.22%,101.31%,94.9MB / 43.4MB,163MB / 84.7MB
2025-12-22 15:05:50,252.8MiB / 7.654GiB,3.23%,98.41%,95MB / 43.5MB,163MB / 84.7MB
2025-12-22 15:06:02,252.9MiB / 7.654GiB,3.23%,86.14%,95.2MB / 43.5MB,163MB / 84.7MB
2025-12-22 15:06:14,253.3MiB / 7.654GiB,3.23%,97.96%,95.3MB / 43.6MB,163MB / 84.7MB
2025-12-22 15:06:25,254.3MiB / 7.654GiB,3.24%,97.45%,95.5MB / 43.7MB,163MB / 84.7MB
2025-12-22 15:06:37,253.6MiB / 7.654GiB,3.24%,99.25%,95.6MB / 43.7MB,163MB / 84.7MB
2025-12-22 15:06:49,253.5MiB / 7.654GiB,3.23%,94.64%,95.8MB / 43.8MB,163MB / 84.7MB
2025-12-22 15:07:01,253.7MiB / 7.654GiB,3.24%,98.77%,95.9MB / 43.8MB,163MB / 84.7MB
2025-12-22 15:07:13,253.9MiB / 7.654GiB,3.24%,101.15%,96.1MB / 43.9MB,163MB / 84.7MB
2025-12-22 15:07:25,255.9MiB / 7.654GiB,3.27%,96.14%,96.3MB / 44MB,163MB / 84.7MB
2025-12-22 15:07:37,255.4MiB / 7.654GiB,3.26%,100.80%,96.5MB / 44.1MB,163MB / 84.8MB
2025-12-22 15:07:48,254.4MiB / 7.654GiB,3.25%,102.26%,96.6MB / 44.2MB,163MB / 84.8MB
2025-12-22 15:08:00,256.6MiB / 7.654GiB,3.27%,101.49%,96.7MB / 44.2MB,163MB / 84.8MB
2025-12-22 15:08:11,254.7MiB / 7.654GiB,3.25%,94.74%,96.9MB / 44.3MB,163MB / 84.8MB
2025-12-22 15:08:23,254.9MiB / 7.654GiB,3.25%,103.90%,97MB / 44.4MB,163MB / 84.8MB
2025-12-22 15:08:35,255.1MiB / 7.654GiB,3.25%,97.22%,97.2MB / 44.4MB,163MB / 84.8MB
2025-12-22 15:08:47,255.4MiB / 7.654GiB,3.26%,94.18%,97.3MB / 44.5MB,163MB / 84.8MB
2025-12-22 15:08:58,255.4MiB / 7.654GiB,3.26%,103.84%,97.5MB / 44.5MB,163MB / 84.8MB
2025-12-22 15:09:10,255.6MiB / 7.654GiB,3.26%,102.38%,97.7MB / 44.6MB,163MB / 84.8MB
2025-12-22 15:09:23,259.3MiB / 7.654GiB,3.31%,100.23%,97.9MB / 44.7MB,163MB / 84.8MB
2025-12-22 15:09:34,255.9MiB / 7.654GiB,3.26%,101.61%,98MB / 44.8MB,163MB / 84.8MB
2025-12-22 15:09:46,256.2MiB / 7.654GiB,3.27%,95.21%,98.2MB / 44.9MB,163MB / 84.9MB
2025-12-22 15:09:57,255.4MiB / 7.654GiB,3.26%,97.73%,98.3MB / 45MB,163MB / 84.9MB
2025-12-22 15:10:09,256.7MiB / 7.654GiB,3.27%,92.09%,98.5MB / 45MB,163MB / 84.9MB
2025-12-22 15:10:21,256.6MiB / 7.654GiB,3.27%,99.06%,98.6MB / 45.1MB,163MB / 84.9MB
2025-12-22 15:10:34,256.7MiB / 7.654GiB,3.28%,103.84%,98.8MB / 45.2MB,163MB / 84.9MB
2025-12-22 15:10:45,257.2MiB / 7.654GiB,3.28%,94.54%,98.9MB / 45.2MB,163MB / 84.9MB
2025-12-22 15:10:57,257.1MiB / 7.654GiB,3.28%,100.32%,99.1MB / 45.3MB,163MB / 84.9MB
2025-12-22 15:11:08,257.5MiB / 7.654GiB,3.29%,98.69%,99.2MB / 45.4MB,163MB / 84.9MB
2025-12-22 15:11:20,257.4MiB / 7.654GiB,3.28%,99.70%,99.4MB / 45.5MB,163MB / 84.9MB
2025-12-22 15:11:32,257.8MiB / 7.654GiB,3.29%,94.39%,99.6MB / 45.5MB,163MB / 84.9MB
2025-12-22 15:11:44,260.2MiB / 7.654GiB,3.32%,85.83%,99.7MB / 45.6MB,163MB / 84.9MB
2025-12-22 15:11:56,258.1MiB / 7.654GiB,3.29%,99.11%,99.9MB / 45.7MB,163MB / 85MB
2025-12-22 15:12:07,258MiB / 7.654GiB,3.29%,93.04%,100MB / 45.7MB,163MB / 85MB
2025-12-22 15:12:19,258.2MiB / 7.654GiB,3.29%,101.48%,100MB / 45.8MB,163MB / 85MB
2025-12-22 15:12:32,258.5MiB / 7.654GiB,3.30%,88.73%,100MB / 45.8MB,163MB / 85MB
2025-12-22 15:12:44,258.5MiB / 7.654GiB,3.30%,99.92%,101MB / 46MB,163MB / 85MB
2025-12-22 15:12:55,259MiB / 7.654GiB,3.30%,99.40%,101MB / 46MB,163MB / 85MB
2025-12-22 15:13:07,259.1MiB / 7.654GiB,3.31%,94.10%,101MB / 46.1MB,163MB / 85MB
2025-12-22 15:13:18,259.3MiB / 7.654GiB,3.31%,94.37%,101MB / 46.2MB,164MB / 85.1MB
2025-12-22 15:13:30,260.3MiB / 7.654GiB,3.32%,92.17%,101MB / 46.3MB,164MB / 85.2MB
2025-12-22 15:13:43,259.4MiB / 7.654GiB,3.31%,94.88%,101MB / 46.4MB,164MB / 85.3MB
2025-12-22 15:13:54,259MiB / 7.654GiB,3.30%,93.22%,101MB / 46.4MB,164MB / 88.1MB
2025-12-22 15:14:06,260.1MiB / 7.654GiB,3.32%,89.42%,102MB / 46.5MB,164MB / 90.6MB
2025-12-22 15:14:17,260.2MiB / 7.654GiB,3.32%,107.46%,102MB / 46.5MB,164MB / 90.6MB
2025-12-22 15:14:29,260.9MiB / 7.654GiB,3.33%,101.61%,102MB / 46.6MB,164MB / 90.6MB
2025-12-22 15:14:42,260.5MiB / 7.654GiB,3.32%,100.43%,102MB / 46.7MB,164MB / 90.6MB
2025-12-22 15:14:54,260.7MiB / 7.654GiB,3.33%,100.62%,102MB / 46.8MB,164MB / 90.7MB
2025-12-22 15:15:05,262.4MiB / 7.654GiB,3.35%,97.79%,102MB / 46.9MB,164MB / 90.7MB
2025-12-22 15:15:17,260.7MiB / 7.654GiB,3.33%,98.68%,103MB / 46.9MB,164MB / 90.7MB
2025-12-22 15:15:28,261MiB / 7.654GiB,3.33%,90.62%,103MB / 47MB,164MB / 90.7MB
2025-12-22 15:15:40,262.5MiB / 7.654GiB,3.35%,105.98%,103MB / 47.1MB,164MB / 90.7MB
2025-12-22 15:15:52,261.3MiB / 7.654GiB,3.33%,102.27%,103MB / 47.1MB,164MB / 90.7MB
2025-12-22 15:16:04,261.4MiB / 7.654GiB,3.34%,104.32%,103MB / 47.2MB,164MB / 90.7MB
2025-12-22 15:16:16,261.6MiB / 7.654GiB,3.34%,100.77%,103MB / 47.3MB,164MB / 90.7MB
2025-12-22 15:16:27,262MiB / 7.654GiB,3.34%,103.12%,104MB / 47.4MB,164MB / 90.7MB
2025-12-22 15:16:39,261.9MiB / 7.654GiB,3.34%,120.41%,104MB / 47.4MB,164MB / 90.7MB
2025-12-22 15:16:52,262.2MiB / 7.654GiB,3.35%,111.59%,104MB / 47.5MB,164MB / 90.7MB
2025-12-22 15:17:04,263.4MiB / 7.654GiB,3.36%,103.32%,104MB / 47.6MB,164MB / 90.8MB
2025-12-22 15:17:15,262.5MiB / 7.654GiB,3.35%,98.49%,104MB / 47.6MB,164MB / 90.8MB
2025-12-22 15:17:27,262.7MiB / 7.654GiB,3.35%,95.21%,104MB / 47.7MB,164MB / 90.8MB
2025-12-22 15:17:39,262.6MiB / 7.654GiB,3.35%,98.97%,104MB / 47.7MB,164MB / 90.8MB
2025-12-22 15:17:50,262.8MiB / 7.654GiB,3.35%,91.92%,105MB / 47.8MB,164MB / 90.8MB
2025-12-22 15:18:03,262.9MiB / 7.654GiB,3.35%,97.88%,105MB / 47.9MB,164MB / 90.8MB
2025-12-22 15:18:14,263.1MiB / 7.654GiB,3.36%,101.18%,105MB / 47.9MB,164MB / 90.8MB
2025-12-22 15:18:26,263.2MiB / 7.654GiB,3.36%,103.10%,105MB / 48MB,164MB / 90.8MB
2025-12-22 15:18:37,263.6MiB / 7.654GiB,3.36%,95.01%,105MB / 48.1MB,164MB / 90.8MB
2025-12-22 15:18:49,263.5MiB / 7.654GiB,3.36%,98.76%,105MB / 48.2MB,164MB / 90.8MB
2025-12-22 15:19:02,263.6MiB / 7.654GiB,3.36%,104.59%,105MB / 48.2MB,164MB / 90.9MB
2025-12-22 15:19:14,264.1MiB / 7.654GiB,3.37%,94.58%,106MB / 48.3MB,164MB / 90.9MB
2025-12-22 15:19:25,264MiB / 7.654GiB,3.37%,95.73%,106MB / 48.4MB,164MB / 90.9MB
2025-12-22 15:19:37,264.2MiB / 7.654GiB,3.37%,89.60%,106MB / 48.4MB,164MB / 90.9MB
2025-12-22 15:19:48,264.3MiB / 7.654GiB,3.37%,93.97%,106MB / 48.5MB,164MB / 90.9MB
2025-12-22 15:20:00,264.7MiB / 7.654GiB,3.38%,91.39%,106MB / 48.5MB,164MB / 90.9MB
2025-12-22 15:20:13,264.8MiB / 7.654GiB,3.38%,97.17%,106MB / 48.6MB,164MB / 90.9MB
2025-12-22 15:20:24,264.9MiB / 7.654GiB,3.38%,101.06%,107MB / 48.7MB,164MB / 90.9MB
2025-12-22 15:20:36,265.1MiB / 7.654GiB,3.38%,102.96%,107MB / 48.8MB,165MB / 90.9MB
2025-12-22 15:20:47,265MiB / 7.654GiB,3.38%,104.72%,107MB / 48.9MB,165MB / 90.9MB
2025-12-22 15:20:59,266MiB / 7.654GiB,3.39%,104.92%,107MB / 48.9MB,165MB / 90.9MB
2025-12-22 15:21:12,265.3MiB / 7.654GiB,3.39%,101.00%,107MB / 49MB,165MB / 91MB
2025-12-22 15:21:24,265.7MiB / 7.654GiB,3.39%,105.84%,107MB / 49.1MB,165MB / 91MB
2025-12-22 15:21:35,267.3MiB / 7.654GiB,3.41%,97.17%,107MB / 49.1MB,165MB / 91MB
2025-12-22 15:21:47,265.8MiB / 7.654GiB,3.39%,96.72%,108MB / 49.2MB,165MB / 91MB
2025-12-22 15:21:58,266.2MiB / 7.654GiB,3.40%,97.60%,108MB / 49.2MB,165MB / 91MB
2025-12-22 15:22:10,267.4MiB / 7.654GiB,3.41%,99.94%,108MB / 49.3MB,165MB / 91MB
2025-12-22 15:22:22,266.2MiB / 7.654GiB,3.40%,102.20%,108MB / 49.4MB,165MB / 91MB
2025-12-22 15:22:34,266.4MiB / 7.654GiB,3.40%,96.92%,108MB / 49.5MB,165MB / 91MB
2025-12-22 15:22:45,266.7MiB / 7.654GiB,3.40%,101.43%,108MB / 49.5MB,165MB / 91MB
2025-12-22 15:22:57,266.6MiB / 7.654GiB,3.40%,96.98%,108MB / 49.6MB,165MB / 91MB
2025-12-22 15:23:08,266.8MiB / 7.654GiB,3.40%,108.93%,109MB / 49.7MB,165MB / 91MB
2025-12-22 15:23:20,267MiB / 7.654GiB,3.41%,103.93%,109MB / 49.7MB,165MB / 91MB
2025-12-22 15:23:32,268.1MiB / 7.654GiB,3.42%,88.68%,109MB / 49.8MB,165MB / 91.1MB
2025-12-22 15:23:44,267.3MiB / 7.654GiB,3.41%,96.46%,109MB / 49.9MB,165MB / 91.1MB
2025-12-22 15:23:55,267.5MiB / 7.654GiB,3.41%,96.02%,109MB / 49.9MB,165MB / 91.1MB
2025-12-22 15:24:07,267.9MiB / 7.654GiB,3.42%,102.77%,109MB / 50MB,165MB / 91.1MB
2025-12-22 15:24:19,267.8MiB / 7.654GiB,3.42%,101.21%,109MB / 50MB,165MB / 91.1MB
2025-12-22 15:24:30,268MiB / 7.654GiB,3.42%,94.44%,110MB / 50.1MB,165MB / 91.1MB
2025-12-22 15:24:43,268.1MiB / 7.654GiB,3.42%,102.49%,110MB / 50.2MB,165MB / 91.1MB
2025-12-22 15:24:54,268.2MiB / 7.654GiB,3.42%,96.90%,110MB / 50.3MB,165MB / 91.1MB
2025-12-22 15:25:06,268.4MiB / 7.654GiB,3.42%,98.54%,110MB / 50.3MB,165MB / 91.1MB
2025-12-22 15:25:17,268.8MiB / 7.654GiB,3.43%,100.23%,110MB / 50.4MB,165MB / 91.1MB
2025-12-22 15:25:29,268.9MiB / 7.654GiB,3.43%,96.91%,110MB / 50.5MB,165MB / 91.2MB
2025-12-22 15:25:42,268.8MiB / 7.654GiB,3.43%,106.32%,111MB / 50.5MB,165MB / 91.2MB
2025-12-22 15:25:54,269.2MiB / 7.654GiB,3.44%,99.53%,111MB / 50.6MB,165MB / 91.2MB
2025-12-22 15:26:05,269.4MiB / 7.654GiB,3.44%,101.34%,111MB / 50.6MB,165MB / 91.2MB
2025-12-22 15:26:17,269.3MiB / 7.654GiB,3.44%,91.79%,111MB / 50.7MB,165MB / 91.2MB
2025-12-22 15:26:28,269.4MiB / 7.654GiB,3.44%,100.25%,111MB / 50.7MB,165MB / 91.2MB
2025-12-22 15:26:40,269.6MiB / 7.654GiB,3.44%,102.42%,111MB / 50.8MB,165MB / 91.2MB
2025-12-22 15:26:52,269.7MiB / 7.654GiB,3.44%,98.87%,111MB / 50.9MB,165MB / 91.2MB
2025-12-22 15:27:04,271.7MiB / 7.654GiB,3.47%,99.65%,112MB / 51MB,165MB / 91.2MB
2025-12-22 15:27:15,271.6MiB / 7.654GiB,3.47%,106.53%,112MB / 51MB,165MB / 91.2MB
2025-12-22 15:27:27,270.4MiB / 7.654GiB,3.45%,115.41%,112MB / 51.1MB,165MB / 91.2MB
2025-12-22 15:27:38,270.5MiB / 7.654GiB,3.45%,91.45%,112MB / 51.2MB,165MB / 91.3MB
2025-12-22 15:27:50,270.7MiB / 7.654GiB,3.45%,105.40%,112MB / 51.2MB,165MB / 91.3MB
2025-12-22 15:28:03,270.9MiB / 7.654GiB,3.46%,98.23%,112MB / 51.3MB,165MB / 91.3MB
2025-12-22 15:28:14,271.9MiB / 7.654GiB,3.47%,102.52%,112MB / 51.3MB,165MB / 91.3MB
2025-12-22 15:28:26,270.9MiB / 7.654GiB,3.46%,109.22%,112MB / 51.4MB,165MB / 91.3MB
2025-12-22 15:28:38,271MiB / 7.654GiB,3.46%,94.53%,113MB / 51.4MB,165MB / 91.3MB
2025-12-22 15:28:50,271.4MiB / 7.654GiB,3.46%,112.03%,113MB / 51.5MB,165MB / 91.3MB
2025-12-22 15:29:02,271.3MiB / 7.654GiB,3.46%,92.65%,113MB / 51.5MB,165MB / 91.3MB
2025-12-22 15:29:14,271.4MiB / 7.654GiB,3.46%,100.15%,113MB / 51.6MB,165MB / 91.3MB
2025-12-22 15:29:25,271.6MiB / 7.654GiB,3.47%,101.16%,113MB / 51.7MB,165MB / 91.3MB
2025-12-22 15:29:37,271.8MiB / 7.654GiB,3.47%,102.10%,113MB / 51.7MB,165MB / 91.3MB
2025-12-22 15:29:49,271.9MiB / 7.654GiB,3.47%,102.33%,113MB / 51.8MB,165MB / 91.4MB
2025-12-22 15:30:00,272MiB / 7.654GiB,3.47%,105.76%,114MB / 51.9MB,165MB / 91.4MB
2025-12-22 15:30:13,272.2MiB / 7.654GiB,3.47%,108.98%,114MB / 51.9MB,165MB / 91.4MB
2025-12-22 15:30:24,272.6MiB / 7.654GiB,3.48%,100.78%,114MB / 52MB,165MB / 91.4MB
2025-12-22 15:30:36,272.5MiB / 7.654GiB,3.48%,96.53%,114MB / 52MB,165MB / 91.4MB
2025-12-22 15:30:48,272.9MiB / 7.654GiB,3.48%,105.57%,114MB / 52.1MB,165MB / 91.4MB
2025-12-22 15:30:59,274.7MiB / 7.654GiB,3.50%,98.00%,114MB / 52.2MB,165MB / 91.4MB
2025-12-22 15:31:12,273MiB / 7.654GiB,3.48%,96.72%,114MB / 52.2MB,165MB / 91.4MB
2025-12-22 15:31:24,273.7MiB / 7.654GiB,3.49%,106.98%,115MB / 52.3MB,165MB / 91.4MB
2025-12-22 15:31:35,273.5MiB / 7.654GiB,3.49%,104.30%,115MB / 52.3MB,165MB / 91.4MB
2025-12-22 15:31:47,273.4MiB / 7.654GiB,3.49%,100.10%,115MB / 52.4MB,165MB / 91.4MB
2025-12-22 15:31:59,273.8MiB / 7.654GiB,3.49%,96.95%,115MB / 52.5MB,165MB / 91.5MB
2025-12-22 15:32:10,273.8MiB / 7.654GiB,3.49%,102.02%,115MB / 52.6MB,165MB / 91.5MB
2025-12-22 15:32:23,273.9MiB / 7.654GiB,3.49%,100.61%,115MB / 52.6MB,165MB / 91.5MB
2025-12-22 15:32:34,274.3MiB / 7.654GiB,3.50%,100.25%,115MB / 52.7MB,165MB / 91.5MB
2025-12-22 15:32:46,274.2MiB / 7.654GiB,3.50%,99.37%,116MB / 52.7MB,165MB / 91.5MB
2025-12-22 15:32:58,273.6MiB / 7.654GiB,3.49%,91.18%,116MB / 52.8MB,165MB / 91.5MB
2025-12-22 15:33:09,273.6MiB / 7.654GiB,3.49%,110.23%,116MB / 52.9MB,165MB / 91.5MB
2025-12-22 15:33:22,273.7MiB / 7.654GiB,3.49%,99.10%,116MB / 52.9MB,165MB / 91.5MB
2025-12-22 15:33:34,274MiB / 7.654GiB,3.50%,92.62%,116MB / 53MB,165MB / 91.5MB
2025-12-22 15:33:46,274.2MiB / 7.654GiB,3.50%,103.21%,116MB / 53MB,165MB / 91.5MB
2025-12-22 15:33:57,274.9MiB / 7.654GiB,3.51%,97.63%,116MB / 53.1MB,165MB / 91.6MB
2025-12-22 15:34:09,274.3MiB / 7.654GiB,3.50%,98.54%,117MB / 53.2MB,165MB / 91.6MB
2025-12-22 15:34:20,275.7MiB / 7.654GiB,3.52%,89.12%,117MB / 53.2MB,165MB / 91.6MB
2025-12-22 15:34:33,275.9MiB / 7.654GiB,3.52%,101.09%,117MB / 53.3MB,165MB / 91.6MB
2025-12-22 15:34:44,276.1MiB / 7.654GiB,3.52%,111.10%,117MB / 53.4MB,165MB / 91.7MB
2025-12-22 15:34:56,276MiB / 7.654GiB,3.52%,96.57%,117MB / 53.5MB,165MB / 91.7MB
2025-12-22 15:35:08,276.1MiB / 7.654GiB,3.52%,104.74%,117MB / 53.5MB,165MB / 91.7MB
2025-12-22 15:35:19,275.7MiB / 7.654GiB,3.52%,95.04%,117MB / 53.6MB,165MB / 92.9MB
2025-12-22 15:35:32,275.5MiB / 7.654GiB,3.52%,98.57%,118MB / 53.7MB,165MB / 93.2MB
2025-12-22 15:35:44,274.6MiB / 7.654GiB,3.50%,95.98%,118MB / 53.7MB,165MB / 95.8MB
2025-12-22 15:35:55,271.2MiB / 7.654GiB,3.46%,94.62%,118MB / 53.8MB,165MB / 96.6MB
2025-12-22 15:36:07,263.6MiB / 7.654GiB,3.36%,99.24%,118MB / 53.9MB,165MB / 97.5MB
2025-12-22 15:36:19,263.8MiB / 7.654GiB,3.37%,98.94%,118MB / 53.9MB,165MB / 97.6MB
2025-12-22 15:36:30,263.7MiB / 7.654GiB,3.36%,97.40%,118MB / 54MB,165MB / 97.6MB
2025-12-22 15:36:43,264.3MiB / 7.654GiB,3.37%,97.98%,118MB / 54MB,165MB / 97.6MB
2025-12-22 15:36:54,265.1MiB / 7.654GiB,3.38%,100.92%,119MB / 54.1MB,165MB / 97.6MB
2025-12-22 15:37:06,265.1MiB / 7.654GiB,3.38%,102.27%,119MB / 54.2MB,165MB / 97.6MB
2025-12-22 15:37:18,267.9MiB / 7.654GiB,3.42%,93.89%,119MB / 54.3MB,165MB / 97.6MB
2025-12-22 15:37:29,264.9MiB / 7.654GiB,3.38%,94.84%,119MB / 54.3MB,166MB / 97.6MB
2025-12-22 15:37:42,265.5MiB / 7.654GiB,3.39%,98.53%,119MB / 54.4MB,166MB / 97.6MB
2025-12-22 15:37:54,265.6MiB / 7.654GiB,3.39%,96.88%,119MB / 54.5MB,166MB / 97.6MB
2025-12-22 15:38:05,265.7MiB / 7.654GiB,3.39%,96.36%,120MB / 54.5MB,166MB / 97.6MB
2025-12-22 15:38:17,266.2MiB / 7.654GiB,3.40%,108.93%,120MB / 54.6MB,166MB / 97.6MB
2025-12-22 15:38:29,266.4MiB / 7.654GiB,3.40%,98.91%,120MB / 54.6MB,166MB / 97.7MB
2025-12-22 15:38:40,266.8MiB / 7.654GiB,3.40%,92.89%,120MB / 54.7MB,166MB / 97.7MB
2025-12-22 15:38:53,266.7MiB / 7.654GiB,3.40%,102.04%,120MB / 54.8MB,166MB / 97.7MB
2025-12-22 15:39:05,266.9MiB / 7.654GiB,3.41%,98.80%,120MB / 54.8MB,166MB / 97.7MB
2025-12-22 15:39:16,266.1MiB / 7.654GiB,3.40%,100.19%,120MB / 54.9MB,166MB / 97.7MB
2025-12-22 15:39:28,267.2MiB / 7.654GiB,3.41%,100.54%,121MB / 55MB,166MB / 97.7MB
2025-12-22 15:39:39,267.5MiB / 7.654GiB,3.41%,96.97%,121MB / 55.1MB,166MB / 97.7MB
2025-12-22 15:39:52,267.4MiB / 7.654GiB,3.41%,109.25%,121MB / 55.1MB,166MB / 97.7MB
2025-12-22 15:40:04,267.8MiB / 7.654GiB,3.42%,92.99%,121MB / 55.2MB,166MB / 97.7MB
2025-12-22 15:40:16,267.8MiB / 7.654GiB,3.42%,98.62%,121MB / 55.3MB,166MB / 97.7MB
2025-12-22 15:40:27,267.9MiB / 7.654GiB,3.42%,99.69%,121MB / 55.3MB,166MB / 97.8MB
2025-12-22 15:40:39,268MiB / 7.654GiB,3.42%,86.38%,121MB / 55.4MB,166MB / 97.8MB
2025-12-22 15:40:50,268.7MiB / 7.654GiB,3.43%,101.07%,122MB / 55.4MB,166MB / 97.8MB
2025-12-22 15:41:03,270.5MiB / 7.654GiB,3.45%,94.34%,122MB / 55.5MB,166MB / 97.8MB
2025-12-22 15:41:15,268.5MiB / 7.654GiB,3.43%,96.02%,122MB / 55.6MB,166MB / 97.8MB
2025-12-22 15:41:26,268.9MiB / 7.654GiB,3.43%,101.37%,122MB / 55.6MB,166MB / 97.8MB
2025-12-22 15:41:38,268.8MiB / 7.654GiB,3.43%,102.70%,122MB / 55.7MB,166MB / 97.8MB
2025-12-22 15:41:50,269MiB / 7.654GiB,3.43%,100.09%,122MB / 55.8MB,166MB / 97.8MB
2025-12-22 15:42:02,269.1MiB / 7.654GiB,3.43%,89.93%,123MB / 55.9MB,166MB / 97.8MB
2025-12-22 15:42:14,269.3MiB / 7.654GiB,3.44%,101.26%,123MB / 55.9MB,166MB / 97.8MB
2025-12-22 15:42:26,270.6MiB / 7.654GiB,3.45%,93.04%,123MB / 56MB,166MB / 97.8MB
2025-12-22 15:42:37,270.4MiB / 7.654GiB,3.45%,103.70%,123MB / 56.1MB,166MB / 97.8MB
2025-12-22 15:42:49,270MiB / 7.654GiB,3.44%,103.47%,123MB / 56.1MB,166MB / 97.9MB
2025-12-22 15:43:01,270.2MiB / 7.654GiB,3.45%,92.33%,123MB / 56.2MB,166MB / 97.9MB
2025-12-22 15:43:13,270MiB / 7.654GiB,3.45%,100.93%,123MB / 56.3MB,166MB / 97.9MB
2025-12-22 15:43:24,270.4MiB / 7.654GiB,3.45%,95.58%,124MB / 56.3MB,166MB / 97.9MB
2025-12-22 15:43:36,270.6MiB / 7.654GiB,3.45%,111.89%,124MB / 56.4MB,166MB / 97.9MB
2025-12-22 15:43:48,270.5MiB / 7.654GiB,3.45%,96.60%,124MB / 56.4MB,166MB / 97.9MB
2025-12-22 15:44:00,270.9MiB / 7.654GiB,3.46%,98.18%,124MB / 56.5MB,166MB / 97.9MB
2025-12-22 15:44:12,270.8MiB / 7.654GiB,3.46%,105.66%,124MB / 56.6MB,166MB / 97.9MB
2025-12-22 15:44:24,270.9MiB / 7.654GiB,3.46%,106.71%,124MB / 56.7MB,166MB / 97.9MB
2025-12-22 15:44:36,271.1MiB / 7.654GiB,3.46%,108.85%,124MB / 56.7MB,166MB / 97.9MB
2025-12-22 15:44:47,272.8MiB / 7.654GiB,3.48%,100.12%,125MB / 56.8MB,166MB / 98MB
2025-12-22 15:44:59,271.4MiB / 7.654GiB,3.46%,115.63%,125MB / 56.8MB,166MB / 98MB
2025-12-22 15:45:11,271.7MiB / 7.654GiB,3.47%,109.46%,125MB / 56.9MB,166MB / 98MB
2025-12-22 15:45:23,271.7MiB / 7.654GiB,3.47%,100.13%,125MB / 57MB,166MB / 98MB
2025-12-22 15:45:35,272.1MiB / 7.654GiB,3.47%,104.63%,125MB / 57MB,166MB / 98MB
2025-12-22 15:45:46,272MiB / 7.654GiB,3.47%,106.84%,125MB / 57.1MB,166MB / 98MB
2025-12-22 15:45:58,272.1MiB / 7.654GiB,3.47%,116.22%,125MB / 57.1MB,166MB / 98MB
2025-12-22 15:46:10,272.3MiB / 7.654GiB,3.47%,99.51%,125MB / 57.2MB,166MB / 98MB
2025-12-22 15:46:22,272.5MiB / 7.654GiB,3.48%,95.03%,126MB / 57.2MB,166MB / 98MB
2025-12-22 15:46:34,272.6MiB / 7.654GiB,3.48%,101.37%,126MB / 57.3MB,166MB / 98MB
2025-12-22 15:46:46,273MiB / 7.654GiB,3.48%,95.95%,126MB / 57.4MB,166MB / 98MB
2025-12-22 15:46:57,272.9MiB / 7.654GiB,3.48%,103.60%,126MB / 57.4MB,166MB / 98.1MB
2025-12-22 15:47:09,273MiB / 7.654GiB,3.48%,92.22%,126MB / 57.5MB,166MB / 98.1MB
2025-12-22 15:47:21,273.4MiB / 7.654GiB,3.49%,102.11%,126MB / 57.5MB,166MB / 98.1MB
2025-12-22 15:47:33,273.4MiB / 7.654GiB,3.49%,100.11%,127MB / 57.6MB,166MB / 98.1MB
2025-12-22 15:47:44,273.8MiB / 7.654GiB,3.49%,98.39%,127MB / 57.7MB,166MB / 98.1MB
2025-12-22 15:47:56,273.7MiB / 7.654GiB,3.49%,102.34%,127MB / 57.8MB,166MB / 98.1MB
2025-12-22 15:48:08,274.1MiB / 7.654GiB,3.50%,101.20%,127MB / 57.9MB,166MB / 98.1MB
2025-12-22 15:48:19,274MiB / 7.654GiB,3.50%,120.63%,127MB / 57.9MB,166MB / 98.1MB
2025-12-22 15:48:31,274.4MiB / 7.654GiB,3.50%,103.37%,127MB / 58MB,166MB / 98.1MB
2025-12-22 15:48:43,274.6MiB / 7.654GiB,3.50%,106.16%,127MB / 58MB,166MB / 98.1MB
2025-12-22 15:48:55,274.4MiB / 7.654GiB,3.50%,99.95%,128MB / 58.1MB,166MB / 98.2MB
2025-12-22 15:49:06,274.6MiB / 7.654GiB,3.50%,86.29%,128MB / 58.1MB,166MB / 98.2MB
2025-12-22 15:49:18,274.7MiB / 7.654GiB,3.50%,101.97%,128MB / 58.2MB,166MB / 98.2MB
2025-12-22 15:49:30,275.1MiB / 7.654GiB,3.51%,94.46%,128MB / 58.3MB,166MB / 98.2MB
2025-12-22 15:49:42,275MiB / 7.654GiB,3.51%,98.75%,128MB / 58.3MB,166MB / 98.2MB
2025-12-22 15:49:54,275.2MiB / 7.654GiB,3.51%,97.65%,128MB / 58.4MB,166MB / 98.2MB
2025-12-22 15:50:06,275.3MiB / 7.654GiB,3.51%,95.38%,128MB / 58.4MB,166MB / 98.2MB
2025-12-22 15:50:17,275.4MiB / 7.654GiB,3.51%,107.31%,128MB / 58.5MB,166MB / 98.2MB
2025-12-22 15:50:29,275.6MiB / 7.654GiB,3.52%,99.14%,129MB / 58.5MB,166MB / 98.2MB
2025-12-22 15:50:41,275.8MiB / 7.654GiB,3.52%,100.52%,129MB / 58.6MB,166MB / 98.2MB
2025-12-22 15:50:53,275.9MiB / 7.654GiB,3.52%,99.61%,129MB / 58.7MB,166MB / 98.2MB
2025-12-22 15:51:04,277.5MiB / 7.654GiB,3.54%,104.52%,129MB / 58.7MB,166MB / 98.3MB
2025-12-22 15:51:16,276.4MiB / 7.654GiB,3.53%,101.47%,129MB / 58.8MB,166MB / 98.3MB
2025-12-22 15:51:28,276.3MiB / 7.654GiB,3.53%,108.69%,129MB / 58.9MB,166MB / 98.3MB
2025-12-22 15:51:39,277.8MiB / 7.654GiB,3.55%,99.84%,129MB / 58.9MB,166MB / 98.3MB
2025-12-22 15:51:52,276.7MiB / 7.654GiB,3.53%,107.39%,130MB / 59MB,166MB / 98.3MB
2025-12-22 15:52:04,276.8MiB / 7.654GiB,3.53%,104.67%,130MB / 59MB,166MB / 98.3MB
2025-12-22 15:52:16,277MiB / 7.654GiB,3.53%,114.93%,130MB / 59.1MB,166MB / 98.3MB
2025-12-22 15:52:27,277.2MiB / 7.654GiB,3.54%,94.75%,130MB / 59.2MB,166MB / 98.3MB
2025-12-22 15:52:39,277.3MiB / 7.654GiB,3.54%,98.71%,130MB / 59.2MB,166MB / 98.3MB
2025-12-22 15:52:51,277.5MiB / 7.654GiB,3.54%,98.16%,130MB / 59.3MB,166MB / 98.3MB
2025-12-22 15:53:03,277.6MiB / 7.654GiB,3.54%,108.87%,130MB / 59.3MB,166MB / 98.4MB
2025-12-22 15:53:15,278MiB / 7.654GiB,3.55%,97.67%,130MB / 59.4MB,166MB / 98.4MB
2025-12-22 15:53:26,277.8MiB / 7.654GiB,3.54%,103.48%,131MB / 59.4MB,166MB / 98.4MB
2025-12-22 15:53:38,277.9MiB / 7.654GiB,3.55%,102.68%,131MB / 59.5MB,166MB / 98.4MB
2025-12-22 15:53:50,278.1MiB / 7.654GiB,3.55%,94.54%,131MB / 59.6MB,166MB / 98.4MB
2025-12-22 15:54:02,279MiB / 7.654GiB,3.56%,105.02%,131MB / 59.7MB,166MB / 98.4MB
2025-12-22 15:54:14,278.7MiB / 7.654GiB,3.56%,95.21%,131MB / 59.7MB,166MB / 98.4MB
2025-12-22 15:54:26,278.6MiB / 7.654GiB,3.55%,100.19%,131MB / 59.8MB,166MB / 98.4MB
2025-12-22 15:54:37,278.7MiB / 7.654GiB,3.56%,105.46%,131MB / 59.8MB,166MB / 98.4MB
2025-12-22 15:54:49,279.1MiB / 7.654GiB,3.56%,100.45%,132MB / 59.9MB,166MB / 98.4MB
2025-12-22 15:55:00,279MiB / 7.654GiB,3.56%,100.94%,132MB / 59.9MB,166MB / 98.4MB
2025-12-22 15:55:13,279.4MiB / 7.654GiB,3.57%,104.76%,132MB / 60MB,166MB / 98.5MB
2025-12-22 15:55:25,279.3MiB / 7.654GiB,3.56%,104.31%,132MB / 60MB,166MB / 98.5MB
2025-12-22 15:55:36,279.5MiB / 7.654GiB,3.57%,111.73%,132MB / 60.1MB,166MB / 98.5MB
2025-12-22 15:55:48,279.6MiB / 7.654GiB,3.57%,93.48%,132MB / 60.1MB,166MB / 98.5MB
2025-12-22 15:56:00,279.8MiB / 7.654GiB,3.57%,100.73%,132MB / 60.2MB,166MB / 98.5MB
2025-12-22 15:56:12,280.2MiB / 7.654GiB,3.57%,98.93%,133MB / 60.3MB,166MB / 98.5MB
2025-12-22 15:56:24,280.3MiB / 7.654GiB,3.58%,102.25%,133MB / 60.3MB,166MB / 98.5MB
2025-12-22 15:56:36,280.5MiB / 7.654GiB,3.58%,100.29%,133MB / 60.4MB,167MB / 98.5MB
2025-12-22 15:56:47,280.4MiB / 7.654GiB,3.58%,111.69%,133MB / 60.5MB,167MB / 98.5MB
2025-12-22 15:56:59,282MiB / 7.654GiB,3.60%,109.10%,133MB / 60.5MB,167MB / 98.5MB
2025-12-22 15:57:11,280.7MiB / 7.654GiB,3.58%,117.94%,133MB / 60.6MB,167MB / 98.5MB
2025-12-22 15:57:23,280.9MiB / 7.654GiB,3.58%,97.27%,133MB / 60.6MB,167MB / 98.5MB
2025-12-22 15:57:35,281.1MiB / 7.654GiB,3.59%,91.99%,134MB / 60.7MB,167MB / 98.6MB
2025-12-22 15:57:46,281.2MiB / 7.654GiB,3.59%,93.13%,134MB / 60.8MB,167MB / 98.6MB
2025-12-22 15:57:58,281.6MiB / 7.654GiB,3.59%,91.91%,134MB / 60.8MB,167MB / 98.6MB
2025-12-22 15:58:10,281.5MiB / 7.654GiB,3.59%,102.28%,134MB / 60.9MB,167MB / 98.6MB
2025-12-22 15:58:22,281.6MiB / 7.654GiB,3.59%,98.26%,134MB / 60.9MB,167MB / 98.6MB
2025-12-22 15:58:34,282MiB / 7.654GiB,3.60%,92.74%,134MB / 61MB,167MB / 98.6MB
2025-12-22 15:58:46,282.2MiB / 7.654GiB,3.60%,101.38%,134MB / 61.1MB,167MB / 98.6MB
2025-12-22 15:58:58,275.9MiB / 7.654GiB,3.52%,105.71%,135MB / 61.2MB,167MB / 100MB
2025-12-22 15:59:09,275.7MiB / 7.654GiB,3.52%,98.98%,135MB / 61.3MB,167MB / 100MB
2025-12-22 15:59:21,282.6MiB / 7.654GiB,3.61%,107.71%,135MB / 61.3MB,169MB / 100MB
2025-12-22 15:59:33,283.9MiB / 7.654GiB,3.62%,98.75%,135MB / 61.4MB,169MB / 100MB
2025-12-22 15:59:45,282.6MiB / 7.654GiB,3.61%,101.54%,135MB / 61.5MB,169MB / 100MB
2025-12-22 15:59:57,284.5MiB / 7.654GiB,3.63%,96.81%,135MB / 61.5MB,169MB / 100MB
2025-12-22 16:00:08,282.9MiB / 7.654GiB,3.61%,104.86%,135MB / 61.6MB,169MB / 100MB
2025-12-22 16:00:20,283.1MiB / 7.654GiB,3.61%,110.78%,136MB / 61.6MB,169MB / 100MB
2025-12-22 16:00:32,283.2MiB / 7.654GiB,3.61%,105.28%,136MB / 61.7MB,169MB / 100MB
2025-12-22 16:00:44,283.7MiB / 7.654GiB,3.62%,91.65%,136MB / 61.8MB,169MB / 100MB
2025-12-22 16:00:56,283.6MiB / 7.654GiB,3.62%,101.27%,136MB / 61.8MB,169MB / 100MB
2025-12-22 16:01:07,283.7MiB / 7.654GiB,3.62%,107.08%,136MB / 61.9MB,169MB / 101MB
2025-12-22 16:01:19,284.1MiB / 7.654GiB,3.63%,99.19%,136MB / 61.9MB,169MB / 101MB
2025-12-22 16:01:31,284.2MiB / 7.654GiB,3.63%,93.04%,136MB / 62MB,169MB / 101MB
2025-12-22 16:01:43,285.7MiB / 7.654GiB,3.64%,106.62%,137MB / 62MB,169MB / 101MB
2025-12-22 16:01:55,285.8MiB / 7.654GiB,3.65%,101.44%,137MB / 62.1MB,169MB / 101MB
2025-12-22 16:02:06,284.5MiB / 7.654GiB,3.63%,100.61%,137MB / 62.2MB,169MB / 101MB
2025-12-22 16:02:18,284.6MiB / 7.654GiB,3.63%,98.68%,137MB / 62.2MB,169MB / 101MB
2025-12-22 16:02:30,284.8MiB / 7.654GiB,3.63%,101.04%,137MB / 62.3MB,169MB / 101MB
2025-12-22 16:02:42,286.4MiB / 7.654GiB,3.65%,106.29%,137MB / 62.4MB,169MB / 101MB
2025-12-22 16:02:54,285.2MiB / 7.654GiB,3.64%,94.42%,137MB / 62.5MB,169MB / 101MB
2025-12-22 16:03:06,285.5MiB / 7.654GiB,3.64%,98.92%,138MB / 62.5MB,169MB / 101MB
2025-12-22 16:03:17,285.5MiB / 7.654GiB,3.64%,98.47%,138MB / 62.6MB,169MB / 101MB
2025-12-22 16:03:29,285.6MiB / 7.654GiB,3.64%,102.94%,138MB / 62.6MB,169MB / 101MB
2025-12-22 16:03:41,285.7MiB / 7.654GiB,3.65%,101.48%,138MB / 62.7MB,169MB / 101MB
2025-12-22 16:03:53,286.2MiB / 7.654GiB,3.65%,94.96%,138MB / 62.8MB,169MB / 101MB
2025-12-22 16:04:05,286.1MiB / 7.654GiB,3.65%,103.75%,138MB / 62.8MB,169MB / 101MB
2025-12-22 16:04:16,286.2MiB / 7.654GiB,3.65%,123.48%,138MB / 62.9MB,169MB / 101MB
2025-12-22 16:04:28,286.3MiB / 7.654GiB,3.65%,104.57%,139MB / 62.9MB,169MB / 101MB
2025-12-22 16:04:40,287.1MiB / 7.654GiB,3.66%,110.52%,139MB / 63MB,169MB / 101MB
2025-12-22 16:04:51,286.6MiB / 7.654GiB,3.66%,101.35%,139MB / 63MB,169MB / 101MB
2025-12-22 16:05:03,287MiB / 7.654GiB,3.66%,91.33%,139MB / 63.1MB,169MB / 101MB
2025-12-22 16:05:15,286.9MiB / 7.654GiB,3.66%,97.41%,139MB / 63.2MB,169MB / 101MB
2025-12-22 16:05:27,287.1MiB / 7.654GiB,3.66%,100.60%,139MB / 63.2MB,169MB / 101MB
2025-12-22 16:05:38,287.4MiB / 7.654GiB,3.67%,105.62%,139MB / 63.3MB,169MB / 101MB
2025-12-22 16:05:50,287.6MiB / 7.654GiB,3.67%,106.49%,140MB / 63.4MB,169MB / 101MB
2025-12-22 16:06:02,287.5MiB / 7.654GiB,3.67%,97.81%,140MB / 63.4MB,169MB / 101MB
2025-12-22 16:06:14,287.9MiB / 7.654GiB,3.67%,102.94%,140MB / 63.5MB,169MB / 101MB
2025-12-22 16:06:26,288.3MiB / 7.654GiB,3.68%,104.14%,140MB / 63.5MB,169MB / 101MB
2025-12-22 16:06:37,288.3MiB / 7.654GiB,3.68%,93.38%,140MB / 63.6MB,169MB / 101MB
2025-12-22 16:06:49,288.2MiB / 7.654GiB,3.68%,102.91%,140MB / 63.7MB,169MB / 101MB
2025-12-22 16:07:01,288.4MiB / 7.654GiB,3.68%,103.21%,140MB / 63.7MB,169MB / 101MB
2025-12-22 16:07:13,288.5MiB / 7.654GiB,3.68%,100.70%,141MB / 63.8MB,169MB / 101MB
2025-12-22 16:07:25,288.7MiB / 7.654GiB,3.68%,102.54%,141MB / 63.8MB,169MB / 101MB
2025-12-22 16:07:36,289MiB / 7.654GiB,3.69%,91.76%,141MB / 63.9MB,169MB / 101MB
2025-12-22 16:07:48,288.9MiB / 7.654GiB,3.69%,101.01%,141MB / 64MB,169MB / 101MB
2025-12-22 16:08:00,289.1MiB / 7.654GiB,3.69%,100.05%,141MB / 64.1MB,169MB / 101MB
2025-12-22 16:08:12,289.2MiB / 7.654GiB,3.69%,99.82%,141MB / 64.2MB,169MB / 101MB
2025-12-22 16:08:24,289.4MiB / 7.654GiB,3.69%,106.11%,142MB / 64.2MB,169MB / 101MB
2025-12-22 16:08:36,289.8MiB / 7.654GiB,3.70%,94.93%,142MB / 64.3MB,169MB / 101MB
2025-12-22 16:08:47,291.1MiB / 7.654GiB,3.71%,101.89%,142MB / 64.4MB,169MB / 101MB
2025-12-22 16:08:59,290.1MiB / 7.654GiB,3.70%,88.14%,142MB / 64.4MB,169MB / 101MB
2025-12-22 16:09:10,291.4MiB / 7.654GiB,3.72%,101.74%,142MB / 64.5MB,169MB / 101MB
2025-12-22 16:09:22,290.2MiB / 7.654GiB,3.70%,91.99%,142MB / 64.6MB,169MB / 101MB
2025-12-22 16:09:34,290.3MiB / 7.654GiB,3.70%,98.17%,142MB / 64.6MB,169MB / 101MB
2025-12-22 16:09:46,291.1MiB / 7.654GiB,3.71%,102.12%,143MB / 64.7MB,169MB / 101MB
2025-12-22 16:09:58,290.7MiB / 7.654GiB,3.71%,93.09%,143MB / 64.8MB,169MB / 101MB
2025-12-22 16:10:09,291.2MiB / 7.654GiB,3.72%,105.46%,143MB / 64.8MB,169MB / 101MB
2025-12-22 16:10:23,292.6MiB / 7.654GiB,3.73%,103.19%,143MB / 64.9MB,169MB / 101MB
2025-12-22 16:10:34,294.6MiB / 7.654GiB,3.76%,101.57%,143MB / 65MB,169MB / 101MB
2025-12-22 16:10:46,292.8MiB / 7.654GiB,3.74%,97.82%,143MB / 65.1MB,169MB / 101MB
2025-12-22 16:10:57,294.3MiB / 7.654GiB,3.76%,95.79%,144MB / 65.2MB,169MB / 101MB
2025-12-22 16:11:09,293.4MiB / 7.654GiB,3.74%,99.46%,144MB / 65.2MB,169MB / 101MB
2025-12-22 16:11:21,293.6MiB / 7.654GiB,3.75%,99.39%,144MB / 65.3MB,169MB / 101MB
2025-12-22 16:11:32,293.5MiB / 7.654GiB,3.74%,100.43%,144MB / 65.4MB,169MB / 101MB
2025-12-22 16:11:44,293.6MiB / 7.654GiB,3.75%,104.33%,144MB / 65.4MB,169MB / 101MB
2025-12-22 16:11:56,293.8MiB / 7.654GiB,3.75%,96.12%,144MB / 65.5MB,169MB / 101MB
2025-12-22 16:12:08,291.3MiB / 7.654GiB,3.72%,99.90%,144MB / 65.6MB,169MB / 104MB
2025-12-22 16:12:19,288MiB / 7.654GiB,3.67%,89.43%,145MB / 65.6MB,169MB / 109MB
2025-12-22 16:12:31,281.7MiB / 7.654GiB,3.59%,100.52%,145MB / 65.7MB,169MB / 116MB
2025-12-22 16:12:43,272.3MiB / 7.654GiB,3.47%,96.65%,145MB / 65.7MB,170MB / 118MB
2025-12-22 16:12:55,272.2MiB / 7.654GiB,3.47%,98.96%,145MB / 65.8MB,170MB / 118MB
2025-12-22 16:13:07,272.4MiB / 7.654GiB,3.48%,101.44%,145MB / 65.9MB,170MB / 118MB
2025-12-22 16:13:18,272.7MiB / 7.654GiB,3.48%,91.36%,145MB / 66MB,170MB / 118MB
2025-12-22 16:13:30,272.9MiB / 7.654GiB,3.48%,89.91%,145MB / 66MB,170MB / 118MB
2025-12-22 16:13:42,272.9MiB / 7.654GiB,3.48%,99.66%,146MB / 66.1MB,170MB / 118MB
2025-12-22 16:13:54,273MiB / 7.654GiB,3.48%,101.58%,146MB / 66.2MB,170MB / 118MB
2025-12-22 16:14:06,273.2MiB / 7.654GiB,3.49%,91.15%,146MB / 66.2MB,170MB / 118MB
2025-12-22 16:14:17,273.6MiB / 7.654GiB,3.49%,93.61%,146MB / 66.3MB,170MB / 118MB
2025-12-22 16:14:29,273.5MiB / 7.654GiB,3.49%,108.56%,146MB / 66.3MB,170MB / 118MB
2025-12-22 16:14:41,273.9MiB / 7.654GiB,3.49%,102.27%,146MB / 66.4MB,170MB / 118MB
2025-12-22 16:14:53,273.8MiB / 7.654GiB,3.49%,103.55%,146MB / 66.5MB,170MB / 118MB
2025-12-22 16:15:05,274.1MiB / 7.654GiB,3.50%,103.13%,147MB / 66.5MB,170MB / 118MB
2025-12-22 16:15:16,274MiB / 7.654GiB,3.50%,108.17%,147MB / 66.6MB,170MB / 118MB
2025-12-22 16:15:28,274.4MiB / 7.654GiB,3.50%,105.18%,147MB / 66.6MB,170MB / 118MB
2025-12-22 16:15:40,274.3MiB / 7.654GiB,3.50%,96.11%,147MB / 66.7MB,170MB / 118MB
2025-12-22 16:15:52,274.5MiB / 7.654GiB,3.50%,101.38%,147MB / 66.8MB,170MB / 118MB
2025-12-22 16:16:04,274.7MiB / 7.654GiB,3.50%,97.38%,147MB / 66.9MB,170MB / 118MB
2025-12-22 16:16:16,276.9MiB / 7.654GiB,3.53%,100.18%,148MB / 66.9MB,170MB / 118MB
2025-12-22 16:16:27,275.2MiB / 7.654GiB,3.51%,106.73%,148MB / 67MB,170MB / 118MB
2025-12-22 16:16:39,275MiB / 7.654GiB,3.51%,9.05%,148MB / 67.1MB,170MB / 118MB
2025-12-22 16:16:51,275.8MiB / 7.654GiB,3.52%,106.39%,148MB / 67.1MB,170MB / 118MB
2025-12-22 16:17:03,275.8MiB / 7.654GiB,3.52%,106.27%,148MB / 67.2MB,170MB / 118MB
2025-12-22 16:17:15,276MiB / 7.654GiB,3.52%,106.01%,148MB / 67.2MB,170MB / 118MB
2025-12-22 16:17:26,276.2MiB / 7.654GiB,3.52%,97.70%,148MB / 67.3MB,170MB / 118MB
2025-12-22 16:17:38,276.6MiB / 7.654GiB,3.53%,101.65%,148MB / 67.3MB,170MB / 118MB
2025-12-22 16:17:50,276.4MiB / 7.654GiB,3.53%,113.20%,149MB / 67.4MB,170MB / 118MB
2025-12-22 16:18:02,276.8MiB / 7.654GiB,3.53%,97.23%,149MB / 67.4MB,170MB / 118MB
2025-12-22 16:18:13,276.7MiB / 7.654GiB,3.53%,101.49%,149MB / 67.5MB,170MB / 118MB
2025-12-22 16:18:25,276.9MiB / 7.654GiB,3.53%,92.10%,149MB / 67.6MB,170MB / 118MB
2025-12-22 16:18:37,278.7MiB / 7.654GiB,3.56%,104.15%,149MB / 67.6MB,170MB / 118MB
2025-12-22 16:18:49,277.5MiB / 7.654GiB,3.54%,91.35%,149MB / 67.7MB,170MB / 118MB
2025-12-22 16:19:01,277.4MiB / 7.654GiB,3.54%,100.86%,149MB / 67.7MB,170MB / 118MB
2025-12-22 16:19:12,277.5MiB / 7.654GiB,3.54%,94.06%,149MB / 67.8MB,170MB / 118MB
2025-12-22 16:19:24,277.9MiB / 7.654GiB,3.55%,95.10%,150MB / 67.9MB,170MB / 118MB
2025-12-22 16:19:35,277.8MiB / 7.654GiB,3.54%,98.55%,150MB / 67.9MB,170MB / 118MB
2025-12-22 16:19:48,277.9MiB / 7.654GiB,3.55%,98.38%,150MB / 68MB,170MB / 118MB
2025-12-22 16:20:00,281MiB / 7.654GiB,3.59%,103.08%,150MB / 68.1MB,170MB / 118MB
2025-12-22 16:20:12,278.5MiB / 7.654GiB,3.55%,99.34%,150MB / 68.1MB,170MB / 118MB
2025-12-22 16:20:23,278.4MiB / 7.654GiB,3.55%,98.73%,150MB / 68.2MB,170MB / 118MB
2025-12-22 16:20:35,278.9MiB / 7.654GiB,3.56%,103.56%,150MB / 68.3MB,171MB / 118MB
2025-12-22 16:20:46,279.7MiB / 7.654GiB,3.57%,110.87%,151MB / 68.3MB,171MB / 118MB
2025-12-22 16:20:58,278.9MiB / 7.654GiB,3.56%,106.10%,151MB / 68.4MB,171MB / 118MB
2025-12-22 16:21:10,279MiB / 7.654GiB,3.56%,97.93%,151MB / 68.4MB,171MB / 118MB
2025-12-22 16:21:22,279.4MiB / 7.654GiB,3.57%,107.62%,151MB / 68.5MB,171MB / 118MB
2025-12-22 16:21:33,279.3MiB / 7.654GiB,3.56%,105.20%,151MB / 68.5MB,171MB / 118MB
2025-12-22 16:21:45,281.2MiB / 7.654GiB,3.59%,98.69%,151MB / 68.6MB,171MB / 118MB
2025-12-22 16:21:57,279.9MiB / 7.654GiB,3.57%,100.29%,151MB / 68.7MB,171MB / 118MB
2025-12-22 16:22:09,280MiB / 7.654GiB,3.57%,104.46%,152MB / 68.7MB,171MB / 118MB
2025-12-22 16:22:21,279.9MiB / 7.654GiB,3.57%,104.27%,152MB / 68.8MB,171MB / 118MB
2025-12-22 16:22:32,280.1MiB / 7.654GiB,3.57%,101.80%,152MB / 68.8MB,171MB / 118MB
2025-12-22 16:22:44,280.3MiB / 7.654GiB,3.58%,95.72%,152MB / 68.9MB,171MB / 118MB
2025-12-22 16:22:55,280.4MiB / 7.654GiB,3.58%,104.03%,152MB / 69MB,171MB / 118MB
2025-12-22 16:23:08,280.8MiB / 7.654GiB,3.58%,92.64%,152MB / 69MB,171MB / 118MB
2025-12-22 16:23:20,281MiB / 7.654GiB,3.59%,102.93%,152MB / 69.1MB,171MB / 118MB
2025-12-22 16:23:32,282MiB / 7.654GiB,3.60%,100.59%,153MB / 69.1MB,171MB / 118MB
2025-12-22 16:23:43,281.1MiB / 7.654GiB,3.59%,96.71%,153MB / 69.2MB,171MB / 118MB
2025-12-22 16:23:55,282.6MiB / 7.654GiB,3.61%,99.03%,153MB / 69.3MB,171MB / 118MB
2025-12-22 16:24:07,281.7MiB / 7.654GiB,3.59%,96.10%,153MB / 69.3MB,171MB / 118MB
2025-12-22 16:24:19,281.6MiB / 7.654GiB,3.59%,99.57%,153MB / 69.4MB,171MB / 118MB
2025-12-22 16:24:31,284.1MiB / 7.654GiB,3.62%,108.48%,153MB / 69.5MB,171MB / 118MB
2025-12-22 16:24:42,281.9MiB / 7.654GiB,3.60%,102.77%,153MB / 69.6MB,171MB / 118MB
2025-12-22 16:24:54,282.1MiB / 7.654GiB,3.60%,99.60%,154MB / 69.6MB,171MB / 118MB
2025-12-22 16:25:05,282.3MiB / 7.654GiB,3.60%,97.11%,154MB / 69.7MB,171MB / 118MB
2025-12-22 16:25:17,282.4MiB / 7.654GiB,3.60%,103.95%,154MB / 69.8MB,171MB / 118MB
2025-12-22 16:25:29,284.1MiB / 7.654GiB,3.62%,98.94%,154MB / 69.8MB,171MB / 118MB
2025-12-22 16:25:41,282.7MiB / 7.654GiB,3.61%,96.15%,154MB / 69.9MB,171MB / 118MB
2025-12-22 16:25:52,283.2MiB / 7.654GiB,3.61%,90.69%,154MB / 69.9MB,171MB / 118MB
2025-12-22 16:26:04,283.1MiB / 7.654GiB,3.61%,106.31%,154MB / 70MB,171MB / 118MB
2025-12-22 16:26:15,283.2MiB / 7.654GiB,3.61%,98.74%,155MB / 70.1MB,171MB / 118MB
2025-12-22 16:26:28,283.4MiB / 7.654GiB,3.62%,99.69%,155MB / 70.1MB,171MB / 118MB
2025-12-22 16:26:40,283.5MiB / 7.654GiB,3.62%,98.83%,155MB / 70.2MB,171MB / 118MB
2025-12-22 16:26:52,283.6MiB / 7.654GiB,3.62%,101.58%,155MB / 70.3MB,171MB / 118MB
2025-12-22 16:27:03,283.8MiB / 7.654GiB,3.62%,100.09%,155MB / 70.4MB,171MB / 118MB
2025-12-22 16:27:15,284.2MiB / 7.654GiB,3.63%,101.05%,155MB / 70.4MB,171MB / 118MB
2025-12-22 16:27:27,284.1MiB / 7.654GiB,3.62%,105.71%,156MB / 70.5MB,171MB / 120MB
2025-12-22 16:27:38,282.8MiB / 7.654GiB,3.61%,96.68%,156MB / 70.6MB,171MB / 120MB
2025-12-22 16:27:50,283MiB / 7.654GiB,3.61%,100.72%,156MB / 70.6MB,171MB / 120MB
2025-12-22 16:28:02,284.6MiB / 7.654GiB,3.63%,102.80%,156MB / 70.7MB,171MB / 120MB
2025-12-22 16:28:13,284.7MiB / 7.654GiB,3.63%,95.40%,156MB / 70.8MB,171MB / 121MB
2025-12-22 16:28:25,270.1MiB / 7.654GiB,3.45%,87.56%,156MB / 70.8MB,171MB / 134MB
2025-12-22 16:28:37,269.6MiB / 7.654GiB,3.44%,98.59%,156MB / 70.9MB,171MB / 135MB
2025-12-22 16:28:48,268.7MiB / 7.654GiB,3.43%,100.76%,157MB / 70.9MB,171MB / 135MB
2025-12-22 16:29:00,268.6MiB / 7.654GiB,3.43%,98.30%,157MB / 71MB,171MB / 135MB
2025-12-22 16:29:12,269MiB / 7.654GiB,3.43%,89.63%,157MB / 71MB,171MB / 135MB
2025-12-22 16:29:23,268.9MiB / 7.654GiB,3.43%,101.45%,157MB / 71.1MB,171MB / 135MB
2025-12-22 16:29:35,269MiB / 7.654GiB,3.43%,100.10%,157MB / 71.2MB,171MB / 135MB
2025-12-22 16:29:47,269.2MiB / 7.654GiB,3.43%,94.14%,157MB / 71.3MB,171MB / 135MB
2025-12-22 16:29:59,269.5MiB / 7.654GiB,3.44%,99.26%,157MB / 71.4MB,171MB / 135MB
2025-12-22 16:30:11,269.6MiB / 7.654GiB,3.44%,92.66%,158MB / 71.4MB,171MB / 135MB
2025-12-22 16:30:22,269.7MiB / 7.654GiB,3.44%,106.18%,158MB / 71.5MB,171MB / 135MB
2025-12-22 16:30:34,269.9MiB / 7.654GiB,3.44%,85.45%,158MB / 71.5MB,171MB / 135MB
2025-12-22 16:30:45,270MiB / 7.654GiB,3.45%,95.67%,158MB / 71.6MB,171MB / 135MB
2025-12-22 16:30:57,270.2MiB / 7.654GiB,3.45%,99.91%,158MB / 71.7MB,171MB / 135MB
2025-12-22 16:31:09,270.3MiB / 7.654GiB,3.45%,97.68%,158MB / 71.7MB,171MB / 135MB
2025-12-22 16:31:21,270.7MiB / 7.654GiB,3.45%,103.10%,158MB / 71.8MB,171MB / 135MB
2025-12-22 16:31:32,270.6MiB / 7.654GiB,3.45%,89.51%,159MB / 71.8MB,171MB / 135MB
2025-12-22 16:31:44,270.8MiB / 7.654GiB,3.46%,96.89%,159MB / 71.9MB,171MB / 135MB
2025-12-22 16:31:56,271.9MiB / 7.654GiB,3.47%,97.59%,159MB / 72MB,171MB / 135MB
2025-12-22 16:32:08,272.6MiB / 7.654GiB,3.48%,86.49%,159MB / 72MB,171MB / 135MB
2025-12-22 16:32:20,271.5MiB / 7.654GiB,3.46%,100.87%,159MB / 72.1MB,171MB / 135MB
2025-12-22 16:32:32,273.4MiB / 7.654GiB,3.49%,98.37%,159MB / 72.2MB,171MB / 135MB
2025-12-22 16:32:43,271.6MiB / 7.654GiB,3.47%,101.54%,160MB / 72.3MB,171MB / 135MB
2025-12-22 16:32:55,271.9MiB / 7.654GiB,3.47%,108.54%,160MB / 72.4MB,171MB / 135MB
2025-12-22 16:33:07,274.5MiB / 7.654GiB,3.50%,109.54%,160MB / 72.4MB,171MB / 135MB
2025-12-22 16:33:18,272.2MiB / 7.654GiB,3.47%,96.82%,160MB / 72.5MB,171MB / 135MB
2025-12-22 16:33:30,272.6MiB / 7.654GiB,3.48%,86.52%,160MB / 72.6MB,171MB / 135MB
2025-12-22 16:33:42,272.8MiB / 7.654GiB,3.48%,96.46%,160MB / 72.6MB,171MB / 135MB
2025-12-22 16:33:54,272.7MiB / 7.654GiB,3.48%,92.94%,160MB / 72.7MB,171MB / 135MB
2025-12-22 16:34:05,273.1MiB / 7.654GiB,3.48%,95.80%,161MB / 72.7MB,171MB / 135MB
2025-12-22 16:34:17,273.2MiB / 7.654GiB,3.49%,102.55%,161MB / 72.8MB,171MB / 135MB
2025-12-22 16:34:29,273.2MiB / 7.654GiB,3.49%,99.77%,161MB / 72.9MB,171MB / 135MB
2025-12-22 16:34:41,273.3MiB / 7.654GiB,3.49%,99.99%,161MB / 72.9MB,171MB / 135MB
2025-12-22 16:34:52,273.7MiB / 7.654GiB,3.49%,127.44%,161MB / 73MB,171MB / 135MB
2025-12-22 16:35:04,273.6MiB / 7.654GiB,3.49%,112.98%,161MB / 73MB,171MB / 135MB
2025-12-22 16:35:16,273.7MiB / 7.654GiB,3.49%,103.02%,161MB / 73.1MB,171MB / 135MB
2025-12-22 16:35:28,273.9MiB / 7.654GiB,3.49%,99.00%,162MB / 73.2MB,172MB / 135MB
2025-12-22 16:35:40,274MiB / 7.654GiB,3.50%,101.89%,162MB / 73.2MB,172MB / 135MB
2025-12-22 16:35:52,274.4MiB / 7.654GiB,3.50%,98.93%,162MB / 73.3MB,172MB / 135MB
2025-12-22 16:36:04,274.6MiB / 7.654GiB,3.50%,97.60%,162MB / 73.4MB,172MB / 135MB
2025-12-22 16:36:15,274.7MiB / 7.654GiB,3.51%,99.70%,162MB / 73.4MB,172MB / 135MB
2025-12-22 16:36:27,275.1MiB / 7.654GiB,3.51%,98.10%,162MB / 73.5MB,172MB / 135MB
2025-12-22 16:36:39,275.1MiB / 7.654GiB,3.51%,98.35%,162MB / 73.5MB,172MB / 135MB
2025-12-22 16:36:51,275.3MiB / 7.654GiB,3.51%,92.04%,163MB / 73.6MB,172MB / 135MB
2025-12-22 16:37:02,276.9MiB / 7.654GiB,3.53%,101.98%,163MB / 73.6MB,172MB / 135MB
2025-12-22 16:37:14,268.3MiB / 7.654GiB,3.42%,90.94%,163MB / 73.7MB,172MB / 144MB
2025-12-22 16:37:26,262.2MiB / 7.654GiB,3.35%,98.76%,163MB / 73.7MB,172MB / 149MB
2025-12-22 16:37:38,261.5MiB / 7.654GiB,3.34%,111.38%,163MB / 73.7MB,172MB / 150MB
2025-12-22 16:37:51,264.1MiB / 7.654GiB,3.37%,94.14%,163MB / 73.8MB,172MB / 154MB
2025-12-22 16:38:02,261.2MiB / 7.654GiB,3.33%,99.44%,163MB / 73.8MB,175MB / 155MB
2025-12-22 16:38:14,261.5MiB / 7.654GiB,3.34%,86.56%,163MB / 73.9MB,175MB / 155MB
2025-12-22 16:38:26,263.2MiB / 7.654GiB,3.36%,101.78%,163MB / 73.9MB,175MB / 155MB
2025-12-22 16:38:37,261.2MiB / 7.654GiB,3.33%,101.37%,163MB / 74MB,175MB / 155MB
2025-12-22 16:38:49,263.1MiB / 7.654GiB,3.36%,98.03%,163MB / 74.1MB,175MB / 155MB
2025-12-22 16:39:01,261.2MiB / 7.654GiB,3.33%,104.73%,163MB / 74.1MB,175MB / 155MB
2025-12-22 16:39:12,261.3MiB / 7.654GiB,3.33%,93.17%,163MB / 74.1MB,175MB / 155MB
2025-12-22 16:39:24,261.3MiB / 7.654GiB,3.33%,99.63%,163MB / 74.2MB,175MB / 155MB
2025-12-22 16:39:36,261.3MiB / 7.654GiB,3.33%,100.03%,163MB / 74.2MB,175MB / 156MB
2025-12-22 16:39:48,262.9MiB / 7.654GiB,3.35%,109.63%,163MB / 74.3MB,175MB / 156MB
2025-12-22 16:40:01,261.4MiB / 7.654GiB,3.34%,104.43%,163MB / 74.3MB,175MB / 156MB
2025-12-22 16:40:12,263MiB / 7.654GiB,3.36%,96.25%,163MB / 74.4MB,175MB / 156MB
2025-12-22 16:40:24,263.5MiB / 7.654GiB,3.36%,102.59%,164MB / 74.4MB,175MB / 156MB
2025-12-22 16:40:35,261.4MiB / 7.654GiB,3.34%,97.57%,164MB / 74.4MB,175MB / 156MB
2025-12-22 16:40:47,261.6MiB / 7.654GiB,3.34%,98.56%,164MB / 74.5MB,175MB / 156MB
2025-12-22 16:40:59,262.8MiB / 7.654GiB,3.35%,95.76%,164MB / 74.5MB,175MB / 156MB
2025-12-22 16:41:11,261.7MiB / 7.654GiB,3.34%,96.50%,164MB / 74.6MB,175MB / 156MB
2025-12-22 16:41:23,261.4MiB / 7.654GiB,3.34%,97.59%,164MB / 74.6MB,175MB / 156MB
2025-12-22 16:41:34,261.4MiB / 7.654GiB,3.34%,97.90%,164MB / 74.6MB,175MB / 156MB
2025-12-22 16:41:46,261.5MiB / 7.654GiB,3.34%,100.24%,164MB / 74.7MB,175MB / 156MB
2025-12-22 16:41:58,261.5MiB / 7.654GiB,3.34%,98.96%,164MB / 74.8MB,175MB / 156MB
2025-12-22 16:42:11,261.5MiB / 7.654GiB,3.34%,96.12%,164MB / 74.8MB,175MB / 156MB
2025-12-22 16:42:22,261.6MiB / 7.654GiB,3.34%,92.88%,164MB / 74.9MB,175MB / 156MB
2025-12-22 16:42:34,261.6MiB / 7.654GiB,3.34%,92.46%,164MB / 74.9MB,175MB / 156MB
2025-12-22 16:42:45,261.7MiB / 7.654GiB,3.34%,102.31%,164MB / 75MB,176MB / 156MB
2025-12-22 16:42:57,261.6MiB / 7.654GiB,3.34%,96.03%,164MB / 75MB,176MB / 156MB
2025-12-22 16:43:09,261.6MiB / 7.654GiB,3.34%,101.62%,164MB / 75MB,176MB / 156MB
2025-12-22 16:43:21,261.6MiB / 7.654GiB,3.34%,104.51%,164MB / 75.1MB,176MB / 156MB
2025-12-22 16:43:32,261.6MiB / 7.654GiB,3.34%,97.51%,164MB / 75.1MB,176MB / 156MB
2025-12-22 16:43:44,261.9MiB / 7.654GiB,3.34%,97.21%,164MB / 75.2MB,176MB / 156MB
2025-12-22 16:43:56,261.6MiB / 7.654GiB,3.34%,98.68%,164MB / 75.2MB,176MB / 156MB
2025-12-22 16:44:08,261.6MiB / 7.654GiB,3.34%,101.69%,165MB / 75.3MB,176MB / 156MB
2025-12-22 16:44:20,261.7MiB / 7.654GiB,3.34%,88.09%,165MB / 75.3MB,176MB / 156MB
2025-12-22 16:44:32,262.6MiB / 7.654GiB,3.35%,100.73%,165MB / 75.3MB,176MB / 156MB
2025-12-22 16:44:44,263.2MiB / 7.654GiB,3.36%,108.39%,165MB / 75.4MB,176MB / 156MB
2025-12-22 16:44:55,262MiB / 7.654GiB,3.34%,92.71%,165MB / 75.4MB,176MB / 156MB
2025-12-22 16:45:07,261.8MiB / 7.654GiB,3.34%,100.91%,165MB / 75.5MB,176MB / 156MB
2025-12-22 16:45:19,263.1MiB / 7.654GiB,3.36%,88.39%,166MB / 75.6MB,176MB / 156MB
2025-12-22 16:45:31,263.2MiB / 7.654GiB,3.36%,94.26%,166MB / 75.6MB,176MB / 156MB
2025-12-22 16:45:43,263.2MiB / 7.654GiB,3.36%,97.35%,166MB / 75.6MB,176MB / 156MB
2025-12-22 16:45:54,263.2MiB / 7.654GiB,3.36%,103.82%,166MB / 75.7MB,176MB / 156MB
2025-12-22 16:46:06,263.2MiB / 7.654GiB,3.36%,101.63%,166MB / 75.7MB,176MB / 156MB
2025-12-22 16:46:18,263.2MiB / 7.654GiB,3.36%,103.34%,166MB / 75.8MB,176MB / 156MB
2025-12-22 16:46:31,263.3MiB / 7.654GiB,3.36%,110.39%,166MB / 75.8MB,176MB / 156MB
2025-12-22 16:46:42,263.4MiB / 7.654GiB,3.36%,92.72%,166MB / 75.8MB,176MB / 156MB
2025-12-22 16:46:54,263.2MiB / 7.654GiB,3.36%,99.19%,166MB / 75.9MB,176MB / 156MB
2025-12-22 16:47:05,264.5MiB / 7.654GiB,3.37%,108.96%,166MB / 75.9MB,176MB / 156MB
2025-12-22 16:47:17,263.4MiB / 7.654GiB,3.36%,95.83%,166MB / 76MB,176MB / 156MB
2025-12-22 16:47:30,263.2MiB / 7.654GiB,3.36%,100.87%,166MB / 76MB,176MB / 156MB
2025-12-22 16:47:41,263.2MiB / 7.654GiB,3.36%,98.74%,167MB / 76MB,176MB / 156MB
2025-12-22 16:47:53,263.2MiB / 7.654GiB,3.36%,105.91%,167MB / 76.1MB,176MB / 156MB
2025-12-22 16:48:04,263.5MiB / 7.654GiB,3.36%,95.06%,167MB / 76.1MB,176MB / 156MB
2025-12-22 16:48:16,263.5MiB / 7.654GiB,3.36%,97.04%,167MB / 76.2MB,176MB / 156MB
2025-12-22 16:48:29,263.3MiB / 7.654GiB,3.36%,101.03%,167MB / 76.3MB,176MB / 156MB
2025-12-22 16:48:40,263.3MiB / 7.654GiB,3.36%,103.51%,167MB / 76.3MB,176MB / 156MB
2025-12-22 16:48:52,263.6MiB / 7.654GiB,3.36%,107.93%,167MB / 76.3MB,176MB / 156MB
2025-12-22 16:49:04,263.6MiB / 7.654GiB,3.36%,91.60%,167MB / 76.4MB,176MB / 156MB
2025-12-22 16:49:15,263.7MiB / 7.654GiB,3.36%,100.69%,167MB / 76.4MB,176MB / 156MB
2025-12-22 16:49:27,263.4MiB / 7.654GiB,3.36%,97.65%,167MB / 76.5MB,176MB / 156MB
2025-12-22 16:49:38,263.4MiB / 7.654GiB,3.36%,91.73%,167MB / 76.5MB,176MB / 156MB
2025-12-22 16:49:50,263.4MiB / 7.654GiB,3.36%,105.98%,167MB / 76.6MB,176MB / 156MB
2025-12-22 16:50:02,263.7MiB / 7.654GiB,3.36%,97.98%,167MB / 76.6MB,176MB / 156MB
2025-12-22 16:50:14,263.7MiB / 7.654GiB,3.36%,94.61%,167MB / 76.6MB,176MB / 156MB
2025-12-22 16:50:25,263.4MiB / 7.654GiB,3.36%,110.02%,167MB / 76.7MB,176MB / 156MB
2025-12-22 16:50:37,263.7MiB / 7.654GiB,3.36%,87.39%,167MB / 76.7MB,176MB / 156MB
2025-12-22 16:50:49,263.7MiB / 7.654GiB,3.36%,94.16%,167MB / 76.7MB,176MB / 156MB
2025-12-22 16:51:01,263.5MiB / 7.654GiB,3.36%,105.45%,167MB / 76.8MB,176MB / 156MB
2025-12-22 16:51:13,263.5MiB / 7.654GiB,3.36%,97.74%,167MB / 76.8MB,176MB / 156MB
2025-12-22 16:51:24,263.5MiB / 7.654GiB,3.36%,102.83%,168MB / 76.9MB,176MB / 156MB
2025-12-22 16:51:36,263.6MiB / 7.654GiB,3.36%,103.97%,168MB / 76.9MB,176MB / 156MB
2025-12-22 16:51:48,263.8MiB / 7.654GiB,3.37%,99.27%,168MB / 77MB,176MB / 156MB
2025-12-22 16:52:00,264.8MiB / 7.654GiB,3.38%,94.13%,168MB / 77MB,176MB / 156MB
