timestamp,minutes_elapsed,archives_processed
2025-12-23 11:20:32,0,0
0
2025-12-23 11:21:02,0,0
0
2025-12-23 11:21:32,1,0
0
2025-12-23 11:22:02,1,0
0
2025-12-23 11:22:33,2,0
0
2025-12-23 11:23:05,2,0
0
2025-12-23 11:23:37,3,0
0
2025-12-23 11:24:10,3,0
0
2025-12-23 11:24:44,4,0
0
2025-12-23 11:25:17,4,0
0
2025-12-23 11:25:52,5,0
0
2025-12-23 11:26:29,5,0
0
2025-12-23 11:27:04,6,0
0
2025-12-23 11:27:39,7,0
0
2025-12-23 11:28:14,7,0
0
2025-12-23 11:28:52,8,0
0
2025-12-23 11:29:30,8,0
0
2025-12-23 11:30:07,9,0
0
2025-12-23 11:30:44,10,0
0
2025-12-23 11:31:22,10,0
0
2025-12-23 11:32:01,11,0
0
2025-12-23 11:32:40,11,0
0
2025-12-23 11:33:20,12,0
0
2025-12-23 11:34:01,13,0
0
2025-12-23 11:34:47,13,0
0
2025-12-23 11:35:37,14,0
0
2025-12-23 11:36:20,15,0
0
2025-12-23 11:37:02,16,0
0
2025-12-23 11:37:46,17,0
0
2025-12-23 11:38:28,17,0
0
2025-12-23 11:39:09,18,0
0
2025-12-23 11:39:50,19,0
0
2025-12-23 11:40:35,19,0
0
2025-12-23 11:41:17,20,0
0
2025-12-23 11:42:00,21,0
0
2025-12-23 11:42:44,21,0
0
2025-12-23 11:43:29,22,0
0
2025-12-23 11:44:17,23,0
0
2025-12-23 11:45:04,24,0
0
2025-12-23 11:45:48,25,0
0
2025-12-23 11:46:33,25,0
0
2025-12-23 11:47:19,26,0
0
2025-12-23 11:48:08,27,0
0
2025-12-23 11:48:54,28,0
0
2025-12-23 11:49:43,28,0
0
2025-12-23 11:50:32,29,0
0
2025-12-23 11:51:22,30,0
0
2025-12-23 11:52:17,31,0
0
2025-12-23 11:53:14,32,0
0
2025-12-23 11:54:06,33,0
0
2025-12-23 11:55:00,34,0
0
2025-12-23 11:55:58,34,0
0
2025-12-23 11:56:48,35,0
0
2025-12-23 11:57:42,36,0
0
2025-12-23 11:58:37,37,0
0
2025-12-23 11:59:31,38,0
0
2025-12-23 12:00:41,39,0
0
2025-12-23 12:01:38,40,0
0
2025-12-23 12:02:35,41,0
0
2025-12-23 12:03:34,42,0
0
2025-12-23 12:04:28,43,0
0
2025-12-23 12:05:22,44,0
0
2025-12-23 12:06:20,45,0
0
2025-12-23 12:07:19,46,0
0
2025-12-23 12:08:26,47,0
0
2025-12-23 12:09:39,48,0
0
2025-12-23 12:10:42,49,0
0
2025-12-23 12:11:47,50,0
0
2025-12-23 12:12:50,51,0
0
2025-12-23 12:14:00,52,0
0
2025-12-23 12:15:05,53,0
0
2025-12-23 12:16:09,55,0
0
2025-12-23 12:17:19,56,0
0
2025-12-23 12:18:27,57,0
0
2025-12-23 12:19:35,58,0
0
2025-12-23 12:20:52,59,0
0
2025-12-23 12:22:01,60,0
0
2025-12-23 12:23:14,61,0
0
2025-12-23 12:24:46,63,0
0
2025-12-23 12:26:02,64,0
0
2025-12-23 12:27:21,66,0
0
2025-12-23 12:28:33,67,0
0
2025-12-23 12:29:37,68,0
0
2025-12-23 12:30:48,69,0
0
2025-12-23 12:31:52,70,0
0
2025-12-23 12:32:57,71,0
0
2025-12-23 12:34:02,72,0
0
2025-12-23 12:35:12,74,0
0
2025-12-23 12:36:20,75,0
0
2025-12-23 12:37:37,76,0
0
2025-12-23 12:38:48,77,0
0
2025-12-23 12:40:03,78,0
0
2025-12-23 12:41:17,80,0
0
2025-12-23 12:42:44,81,0
0
2025-12-23 12:43:59,82,0
0
2025-12-23 12:45:15,83,0
0
2025-12-23 12:46:35,85,0
0
2025-12-23 12:47:51,86,0
0
2025-12-23 12:49:06,87,0
0
2025-12-23 12:50:30,89,0
0
2025-12-23 12:52:03,90,0
0
