timestamp,minutes_elapsed,cpu_percent,memory_mb,memory_limit_mb,memory_percent,net_io,block_io
2025-12-23 11:20:32,0,0.24,236,7837.7,,,
2025-12-23 11:20:44,0,0.30,236,7837.7,,,
2025-12-23 11:20:56,0,0.22,236,7837.7,,,
2025-12-23 11:21:07,0,6.43,236,7837.7,,,
2025-12-23 11:21:19,0,0.19,236,7837.7,,,
2025-12-23 11:21:30,0,0.29,236.1,7837.7,,,
2025-12-23 11:21:42,1,95.20,287.7,7837.7,,,
2025-12-23 11:21:55,1,101.31,290.7,7837.7,,,
2025-12-23 11:22:06,1,91.83,291.2,7837.7,,,
2025-12-23 11:22:18,1,103.64,291.3,7837.7,,,
2025-12-23 11:22:29,1,97.70,291.5,7837.7,,,
2025-12-23 11:22:41,2,99.85,292.4,7837.7,,,
2025-12-23 11:22:54,2,100.39,292.8,7837.7,,,
2025-12-23 11:23:06,2,97.18,293.7,7837.7,,,
2025-12-23 11:23:17,2,98.45,292.1,7837.7,,,
2025-12-23 11:23:29,2,100.80,292.3,7837.7,,,
2025-12-23 11:23:41,3,97.59,292.4,7837.7,,,
2025-12-23 11:23:52,3,103.13,293.7,7837.7,,,
2025-12-23 11:24:05,3,105.82,295,7837.7,,,
2025-12-23 11:24:16,3,105.51,294.9,7837.7,,,
2025-12-23 11:24:28,3,102.44,295.3,7837.7,,,
2025-12-23 11:24:39,4,101.62,295.8,7837.7,,,
2025-12-23 11:24:51,4,99.76,246.2,7837.7,,,
2025-12-23 11:25:04,4,91.26,246.7,7837.7,,,
2025-12-23 11:25:16,4,93.40,248.2,7837.7,,,
2025-12-23 11:25:27,4,103.39,246.6,7837.7,,,
2025-12-23 11:25:39,5,95.03,248,7837.7,,,
2025-12-23 11:25:51,5,90.62,248.1,7837.7,,,
2025-12-23 11:26:02,5,106.36,246.8,7837.7,,,
2025-12-23 11:26:15,5,91.82,247.1,7837.7,,,
2025-12-23 11:26:27,5,107.06,247.1,7837.7,,,
2025-12-23 11:26:38,6,103.76,248,7837.7,,,
2025-12-23 11:26:50,6,96.19,248.2,7837.7,,,
2025-12-23 11:27:02,6,112.30,248.2,7837.7,,,
2025-12-23 11:27:14,6,105.73,248.7,7837.7,,,
2025-12-23 11:27:26,6,96.07,247.9,7837.7,,,
2025-12-23 11:27:37,7,107.22,249.1,7837.7,,,
2025-12-23 11:27:49,7,91.66,248.1,7837.7,,,
2025-12-23 11:28:01,7,100.03,248.6,7837.7,,,
2025-12-23 11:28:12,7,103.39,249.4,7837.7,,,
2025-12-23 11:28:25,7,97.54,249.5,7837.7,,,
2025-12-23 11:28:36,8,105.88,249.7,7837.7,,,
2025-12-23 11:28:48,8,93.47,249.8,7837.7,,,
2025-12-23 11:29:00,8,104.76,250.2,7837.7,,,
2025-12-23 11:29:11,8,102.39,249.4,7837.7,,,
2025-12-23 11:29:24,8,94.93,249.6,7837.7,,,
2025-12-23 11:29:36,9,84.94,249.7,7837.7,,,
2025-12-23 11:29:48,9,96.67,250.4,7837.7,,,
2025-12-23 11:29:59,9,106.38,256.8,7837.7,,,
2025-12-23 11:30:11,9,98.78,283.7,7837.7,,,
2025-12-23 11:30:22,9,95.12,285.5,7837.7,,,
2025-12-23 11:30:35,10,105.23,285.9,7837.7,,,
2025-12-23 11:30:46,10,96.39,267.8,7837.7,,,
2025-12-23 11:30:58,10,105.06,267.2,7837.7,,,
2025-12-23 11:31:09,10,95.88,268.1,7837.7,,,
2025-12-23 11:31:21,10,107.41,269,7837.7,,,
2025-12-23 11:31:33,11,103.84,267.8,7837.7,,,
2025-12-23 11:31:45,11,105.71,267.4,7837.7,,,
2025-12-23 11:31:56,11,97.31,269.4,7837.7,,,
2025-12-23 11:32:08,11,99.20,267.6,7837.7,,,
2025-12-23 11:32:20,11,107.25,268.2,7837.7,,,
2025-12-23 11:32:31,11,91.94,270,7837.7,,,
2025-12-23 11:32:44,12,106.53,269.2,7837.7,,,
2025-12-23 11:32:56,12,107.05,269.4,7837.7,,,
2025-12-23 11:33:07,12,96.98,269.7,7837.7,,,
2025-12-23 11:33:19,12,93.84,270.9,7837.7,,,
2025-12-23 11:33:31,12,103.36,269.7,7837.7,,,
2025-12-23 11:33:42,13,101.97,269.9,7837.7,,,
2025-12-23 11:33:55,13,100.19,270,7837.7,,,
2025-12-23 11:34:06,13,100.65,270.4,7837.7,,,
2025-12-23 11:34:18,13,98.96,270.5,7837.7,,,
2025-12-23 11:34:30,13,102.97,270.4,7837.7,,,
2025-12-23 11:34:42,14,108.77,271.9,7837.7,,,
2025-12-23 11:34:54,14,98.54,270.9,7837.7,,,
2025-12-23 11:35:06,14,102.82,270.8,7837.7,,,
2025-12-23 11:35:17,14,98.20,271.2,7837.7,,,
2025-12-23 11:35:29,14,70.37,271.1,7837.7,,,
2025-12-23 11:35:41,15,105.95,271.5,7837.7,,,
2025-12-23 11:35:52,15,117.01,271.4,7837.7,,,
2025-12-23 11:36:04,15,98.40,273.3,7837.7,,,
2025-12-23 11:36:16,15,81.26,235.9,7837.7,,,
2025-12-23 11:36:28,15,103.84,235.8,7837.7,,,
2025-12-23 11:36:39,16,101.21,236.2,7837.7,,,
2025-12-23 11:36:51,16,74.49,236.1,7837.7,,,
2025-12-23 11:37:02,16,104.85,236.2,7837.7,,,
2025-12-23 11:37:15,16,103.30,236.4,7837.7,,,
2025-12-23 11:37:26,16,104.69,236.5,7837.7,,,
2025-12-23 11:37:38,17,84.72,236.9,7837.7,,,
2025-12-23 11:37:50,17,97.33,236.8,7837.7,,,
2025-12-23 11:38:01,17,99.58,237,7837.7,,,
2025-12-23 11:38:14,17,100.52,237.1,7837.7,,,
2025-12-23 11:38:26,17,101.00,237.3,7837.7,,,
2025-12-23 11:38:38,18,101.75,237.4,7837.7,,,
2025-12-23 11:38:49,18,106.30,237.5,7837.7,,,
2025-12-23 11:39:01,18,99.19,237.7,7837.7,,,
2025-12-23 11:39:12,18,97.61,238.1,7837.7,,,
2025-12-23 11:39:25,18,102.80,238,7837.7,,,
2025-12-23 11:39:36,19,99.06,238.7,7837.7,,,
2025-12-23 11:39:48,19,105.38,238.3,7837.7,,,
2025-12-23 11:40:00,19,102.21,238.5,7837.7,,,
2025-12-23 11:40:11,19,103.56,238.7,7837.7,,,
2025-12-23 11:40:24,19,88.07,239.1,7837.7,,,
2025-12-23 11:40:36,20,94.95,239,7837.7,,,
2025-12-23 11:40:48,20,107.83,239.1,7837.7,,,
2025-12-23 11:40:59,20,100.38,241.3,7837.7,,,
2025-12-23 11:41:11,20,98.12,249.4,7837.7,,,
2025-12-23 11:41:23,20,105.21,249.5,7837.7,,,
2025-12-23 11:41:35,21,98.21,249.7,7837.7,,,
2025-12-23 11:41:46,21,95.07,249.8,7837.7,,,
2025-12-23 11:41:58,21,113.08,250.1,7837.7,,,
2025-12-23 11:42:09,21,102.66,250.4,7837.7,,,
2025-12-23 11:42:21,21,103.43,250.3,7837.7,,,
2025-12-23 11:42:33,22,96.76,250.8,7837.7,,,
2025-12-23 11:42:45,22,104.36,252.2,7837.7,,,
2025-12-23 11:42:56,22,99.18,251,7837.7,,,
2025-12-23 11:43:08,22,104.07,250.9,7837.7,,,
2025-12-23 11:43:20,22,97.73,251.1,7837.7,,,
2025-12-23 11:43:31,22,101.85,251.4,7837.7,,,
2025-12-23 11:43:44,23,105.21,251.5,7837.7,,,
2025-12-23 11:43:56,23,93.04,251.9,7837.7,,,
2025-12-23 11:44:08,23,91.97,252,7837.7,,,
2025-12-23 11:44:19,23,109.15,252.1,7837.7,,,
2025-12-23 11:44:31,23,98.31,252.3,7837.7,,,
2025-12-23 11:44:42,24,97.07,252.5,7837.7,,,
2025-12-23 11:44:54,24,109.61,252.6,7837.7,,,
2025-12-23 11:45:07,24,104.10,252.8,7837.7,,,
2025-12-23 11:45:18,24,101.18,253,7837.7,,,
2025-12-23 11:45:30,24,103.57,253.1,7837.7,,,
2025-12-23 11:45:41,25,99.65,253.3,7837.7,,,
2025-12-23 11:45:54,25,95.10,253.4,7837.7,,,
2025-12-23 11:46:06,25,103.40,253.6,7837.7,,,
2025-12-23 11:46:17,25,100.95,253.7,7837.7,,,
2025-12-23 11:46:29,25,101.92,252.7,7837.7,,,
2025-12-23 11:46:41,26,105.38,252.4,7837.7,,,
2025-12-23 11:46:52,26,97.58,246.3,7837.7,,,
2025-12-23 11:47:05,26,101.74,244.8,7837.7,,,
2025-12-23 11:47:16,26,88.11,243.4,7837.7,,,
2025-12-23 11:47:28,26,103.90,242.4,7837.7,,,
2025-12-23 11:47:40,27,100.84,240,7837.7,,,
2025-12-23 11:47:51,27,104.29,228.1,7837.7,,,
2025-12-23 11:48:04,27,102.13,228.2,7837.7,,,
2025-12-23 11:48:16,27,99.85,228.6,7837.7,,,
2025-12-23 11:48:28,27,105.78,228.6,7837.7,,,
2025-12-23 11:48:39,28,98.48,229,7837.7,,,
2025-12-23 11:48:51,28,93.65,228.9,7837.7,,,
2025-12-23 11:49:02,28,105.09,229,7837.7,,,
2025-12-23 11:49:15,28,98.79,229.4,7837.7,,,
2025-12-23 11:49:27,28,93.35,229.3,7837.7,,,
2025-12-23 11:49:38,29,95.88,229.7,7837.7,,,
2025-12-23 11:49:50,29,106.11,229.9,7837.7,,,
2025-12-23 11:50:01,29,101.19,229.7,7837.7,,,
2025-12-23 11:50:14,29,95.91,230.1,7837.7,,,
2025-12-23 11:50:26,29,92.64,230,7837.7,,,
2025-12-23 11:50:38,30,93.71,230.2,7837.7,,,
2025-12-23 11:50:49,30,104.64,230.5,7837.7,,,
2025-12-23 11:51:01,30,100.19,230.5,7837.7,,,
2025-12-23 11:51:12,30,98.90,230.6,7837.7,,,
2025-12-23 11:51:25,30,101.07,230.3,7837.7,,,
2025-12-23 11:51:37,31,96.39,228.7,7837.7,,,
2025-12-23 11:51:48,31,116.32,228.9,7837.7,,,
2025-12-23 11:52:00,31,113.48,229,7837.7,,,
2025-12-23 11:52:11,31,94.91,227,7837.7,,,
2025-12-23 11:52:24,31,97.18,226,7837.7,,,
2025-12-23 11:52:36,32,98.50,223.7,7837.7,,,
2025-12-23 11:52:48,32,105.61,219.9,7837.7,,,
2025-12-23 11:52:59,32,109.74,218.6,7837.7,,,
2025-12-23 11:53:11,32,95.13,217.2,7837.7,,,
2025-12-23 11:53:23,32,100.58,215.2,7837.7,,,
2025-12-23 11:53:35,33,99.08,215.5,7837.7,,,
2025-12-23 11:53:47,33,96.37,213.9,7837.7,,,
2025-12-23 11:53:58,33,84.80,213.7,7837.7,,,
2025-12-23 11:54:10,33,99.80,213.4,7837.7,,,
2025-12-23 11:54:22,33,99.96,211.1,7837.7,,,
2025-12-23 11:54:34,34,102.39,210.4,7837.7,,,
2025-12-23 11:54:46,34,100.03,210.8,7837.7,,,
2025-12-23 11:54:58,34,94.97,210.9,7837.7,,,
2025-12-23 11:55:09,34,100.58,210.8,7837.7,,,
2025-12-23 11:55:21,34,104.04,211,7837.7,,,
2025-12-23 11:55:33,35,104.60,211.1,7837.7,,,
2025-12-23 11:55:45,35,77.01,211.3,7837.7,,,
2025-12-23 11:55:57,35,93.51,211.4,7837.7,,,
2025-12-23 11:56:08,35,105.86,211.6,7837.7,,,
2025-12-23 11:56:20,35,94.47,211.8,7837.7,,,
2025-12-23 11:56:32,36,104.60,211.9,7837.7,,,
2025-12-23 11:56:44,36,98.11,212,7837.7,,,
2025-12-23 11:56:56,36,107.92,212.2,7837.7,,,
2025-12-23 11:57:08,36,104.94,212.3,7837.7,,,
2025-12-23 11:57:19,36,56.18,212.5,7837.7,,,
2025-12-23 11:57:31,36,94.17,211.3,7837.7,,,
2025-12-23 11:57:43,37,99.58,211.5,7837.7,,,
2025-12-23 11:57:55,37,101.73,210.7,7837.7,,,
2025-12-23 11:58:07,37,100.17,202.5,7837.7,,,
2025-12-23 11:58:18,37,91.35,202.1,7837.7,,,
2025-12-23 11:58:30,37,98.84,207.9,7837.7,,,
2025-12-23 11:58:42,38,98.67,208.8,7837.7,,,
2025-12-23 11:58:54,38,102.78,209.1,7837.7,,,
2025-12-23 11:59:06,38,98.30,208.8,7837.7,,,
2025-12-23 11:59:18,38,95.39,209.2,7837.7,,,
2025-12-23 11:59:29,38,106.08,209.3,7837.7,,,
2025-12-23 11:59:41,39,99.54,209.8,7837.7,,,
2025-12-23 11:59:53,39,96.84,209.5,7837.7,,,
2025-12-23 12:00:05,39,70.80,209.6,7837.7,,,
2025-12-23 12:00:17,39,100.53,210,7837.7,,,
2025-12-23 12:00:29,39,71.54,209.9,7837.7,,,
2025-12-23 12:00:40,40,94.22,210.2,7837.7,,,
2025-12-23 12:00:52,40,95.50,210.4,7837.7,,,
2025-12-23 12:01:04,40,90.77,210.4,7837.7,,,
2025-12-23 12:01:16,40,103.08,210.7,7837.7,,,
2025-12-23 12:01:28,40,108.71,210.7,7837.7,,,
2025-12-23 12:01:40,41,95.63,211.7,7837.7,,,
2025-12-23 12:01:51,41,103.83,211.6,7837.7,,,
2025-12-23 12:02:03,41,98.83,211.8,7837.7,,,
2025-12-23 12:02:15,41,100.06,211.9,7837.7,,,
2025-12-23 12:02:27,41,77.90,212.3,7837.7,,,
2025-12-23 12:02:38,42,99.25,212.4,7837.7,,,
2025-12-23 12:02:50,42,102.93,212.4,7837.7,,,
2025-12-23 12:03:02,42,97.26,213.5,7837.7,,,
2025-12-23 12:03:14,42,87.86,202.1,7837.7,,,
2025-12-23 12:03:26,42,106.96,202.1,7837.7,,,
2025-12-23 12:03:38,43,101.94,202.2,7837.7,,,
2025-12-23 12:03:50,43,102.69,202.4,7837.7,,,
2025-12-23 12:04:01,43,102.83,202.5,7837.7,,,
2025-12-23 12:04:13,43,97.78,202.9,7837.7,,,
2025-12-23 12:04:25,43,86.57,203.1,7837.7,,,
2025-12-23 12:04:37,44,106.20,203,7837.7,,,
2025-12-23 12:04:48,44,102.96,203.2,7837.7,,,
2025-12-23 12:05:00,44,98.21,205,7837.7,,,
2025-12-23 12:05:12,44,95.32,204.4,7837.7,,,
2025-12-23 12:05:24,44,94.43,203.9,7837.7,,,
2025-12-23 12:05:36,45,103.38,204,7837.7,,,
2025-12-23 12:05:48,45,103.37,204.2,7837.7,,,
2025-12-23 12:05:59,45,96.37,204.1,7837.7,,,
2025-12-23 12:06:11,45,111.68,204.2,7837.7,,,
2025-12-23 12:06:23,45,95.23,204.4,7837.7,,,
2025-12-23 12:06:35,46,102.21,204.6,7837.7,,,
2025-12-23 12:06:47,46,93.50,203.7,7837.7,,,
2025-12-23 12:06:58,46,93.39,204.2,7837.7,,,
2025-12-23 12:07:10,46,110.41,204.3,7837.7,,,
2025-12-23 12:07:22,46,95.83,208,7837.7,,,
2025-12-23 12:07:34,47,104.81,205.5,7837.7,,,
2025-12-23 12:07:46,47,100.58,204.6,7837.7,,,
2025-12-23 12:07:58,47,105.21,204.5,7837.7,,,
2025-12-23 12:08:10,47,107.17,204.4,7837.7,,,
2025-12-23 12:08:21,47,105.10,204.5,7837.7,,,
2025-12-23 12:08:33,48,104.77,204.6,7837.7,,,
2025-12-23 12:08:45,48,97.10,203.6,7837.7,,,
2025-12-23 12:08:57,48,97.13,203.1,7837.7,,,
2025-12-23 12:09:09,48,115.58,203,7837.7,,,
2025-12-23 12:09:20,48,102.20,204.6,7837.7,,,
2025-12-23 12:09:32,49,102.07,203.3,7837.7,,,
2025-12-23 12:09:44,49,98.17,203.7,7837.7,,,
2025-12-23 12:09:56,49,98.87,203.9,7837.7,,,
2025-12-23 12:10:08,49,95.22,203.8,7837.7,,,
2025-12-23 12:10:19,49,100.68,204,7837.7,,,
2025-12-23 12:10:31,49,85.29,204.1,7837.7,,,
2025-12-23 12:10:43,50,100.45,204.3,7837.7,,,
2025-12-23 12:10:55,50,106.16,204.8,7837.7,,,
2025-12-23 12:11:07,50,94.10,205,7837.7,,,
2025-12-23 12:11:19,50,96.62,204.8,7837.7,,,
2025-12-23 12:11:30,50,91.95,204.9,7837.7,,,
2025-12-23 12:11:42,51,103.13,205.1,7837.7,,,
2025-12-23 12:11:54,51,102.66,205.2,7837.7,,,
2025-12-23 12:12:06,51,98.04,209.2,7837.7,,,
2025-12-23 12:12:18,51,84.22,209.6,7837.7,,,
2025-12-23 12:12:30,51,89.25,209.5,7837.7,,,
2025-12-23 12:12:41,52,93.08,209.7,7837.7,,,
2025-12-23 12:12:53,52,93.31,209.9,7837.7,,,
2025-12-23 12:13:05,52,101.92,210.3,7837.7,,,
2025-12-23 12:13:17,52,106.18,210.2,7837.7,,,
2025-12-23 12:13:29,52,89.29,212.4,7837.7,,,
2025-12-23 12:13:40,53,101.40,213.4,7837.7,,,
2025-12-23 12:13:52,53,85.40,213.3,7837.7,,,
2025-12-23 12:14:04,53,99.72,213.2,7837.7,,,
2025-12-23 12:14:16,53,96.87,213.4,7837.7,,,
2025-12-23 12:14:28,53,95.09,213.7,7837.7,,,
2025-12-23 12:14:39,54,98.73,215.4,7837.7,,,
2025-12-23 12:14:51,54,104.76,213.9,7837.7,,,
2025-12-23 12:15:03,54,97.96,214.1,7837.7,,,
2025-12-23 12:15:15,54,99.88,213.6,7837.7,,,
2025-12-23 12:15:27,54,92.99,214.5,7837.7,,,
2025-12-23 12:15:39,55,96.94,214.9,7837.7,,,
2025-12-23 12:15:50,55,76.91,213.8,7837.7,,,
2025-12-23 12:16:02,55,81.07,214.1,7837.7,,,
2025-12-23 12:16:14,55,98.86,214.6,7837.7,,,
2025-12-23 12:16:26,55,102.45,214.6,7837.7,,,
2025-12-23 12:16:38,56,106.41,214.7,7837.7,,,
2025-12-23 12:16:50,56,95.41,215,7837.7,,,
2025-12-23 12:17:01,56,91.09,215.9,7837.7,,,
2025-12-23 12:17:13,56,104.00,215.8,7837.7,,,
2025-12-23 12:17:25,56,100.61,216,7837.7,,,
2025-12-23 12:17:37,57,97.28,216.1,7837.7,,,
2025-12-23 12:17:49,57,96.58,218.1,7837.7,,,
2025-12-23 12:18:00,57,103.12,217.9,7837.7,,,
2025-12-23 12:18:12,57,86.55,218.7,7837.7,,,
2025-12-23 12:18:24,57,103.63,218.4,7837.7,,,
2025-12-23 12:18:37,58,97.87,218.2,7837.7,,,
2025-12-23 12:18:48,58,99.82,218.6,7837.7,,,
2025-12-23 12:19:00,58,107.63,218.7,7837.7,,,
2025-12-23 12:19:11,58,75.37,218.7,7837.7,,,
2025-12-23 12:19:23,58,100.14,218.9,7837.7,,,
2025-12-23 12:19:35,59,95.65,220.6,7837.7,,,
2025-12-23 12:19:47,59,106.02,219.2,7837.7,,,
2025-12-23 12:19:59,59,99.33,219.5,7837.7,,,
2025-12-23 12:20:10,59,103.55,219.4,7837.7,,,
2025-12-23 12:20:22,59,99.59,219.9,7837.7,,,
2025-12-23 12:20:35,60,94.29,220,7837.7,,,
2025-12-23 12:20:46,60,98.38,219.9,7837.7,,,
2025-12-23 12:20:58,60,100.96,219.4,7837.7,,,
2025-12-23 12:21:10,60,94.32,221.1,7837.7,,,
2025-12-23 12:21:21,60,100.42,220.4,7837.7,,,
2025-12-23 12:21:33,61,87.10,220.5,7837.7,,,
2025-12-23 12:21:45,61,102.95,221.6,7837.7,,,
2025-12-23 12:21:57,61,95.40,219.9,7837.7,,,
2025-12-23 12:22:09,61,106.03,220.7,7837.7,,,
2025-12-23 12:22:20,61,103.75,221.5,7837.7,,,
2025-12-23 12:22:32,62,93.75,222.8,7837.7,,,
2025-12-23 12:22:43,62,132.52,221.9,7837.7,,,
2025-12-23 12:22:56,62,91.09,222.3,7837.7,,,
2025-12-23 12:23:07,62,99.91,222.5,7837.7,,,
2025-12-23 12:23:19,62,99.61,222.7,7837.7,,,
2025-12-23 12:23:30,62,102.44,225.5,7837.7,,,
2025-12-23 12:23:42,63,101.41,223.3,7837.7,,,
2025-12-23 12:23:55,63,107.01,223.2,7837.7,,,
2025-12-23 12:24:07,63,97.17,223.4,7837.7,,,
2025-12-23 12:24:18,63,89.03,223.5,7837.7,,,
2025-12-23 12:24:30,63,101.93,223.6,7837.7,,,
2025-12-23 12:24:42,64,95.64,223.8,7837.7,,,
2025-12-23 12:24:53,64,101.28,224,7837.7,,,
2025-12-23 12:25:05,64,103.45,224.4,7837.7,,,
2025-12-23 12:25:17,64,90.61,224.2,7837.7,,,
2025-12-23 12:25:29,64,99.60,224.8,7837.7,,,
2025-12-23 12:25:40,65,86.04,225.3,7837.7,,,
2025-12-23 12:25:52,65,78.67,225.3,7837.7,,,
2025-12-23 12:26:05,65,95.23,225.5,7837.7,,,
2025-12-23 12:26:16,65,95.49,226.2,7837.7,,,
2025-12-23 12:26:28,65,105.05,226,7837.7,,,
2025-12-23 12:26:40,66,90.37,226,7837.7,,,
2025-12-23 12:26:51,66,91.35,225.1,7837.7,,,
2025-12-23 12:27:03,66,93.57,225.5,7837.7,,,
2025-12-23 12:27:16,66,98.20,225.4,7837.7,,,
2025-12-23 12:27:27,66,105.70,228.2,7837.7,,,
2025-12-23 12:27:39,67,100.08,226.1,7837.7,,,
2025-12-23 12:27:50,67,99.16,226.7,7837.7,,,
2025-12-23 12:28:02,67,99.91,226.5,7837.7,,,
2025-12-23 12:28:14,67,95.25,226.3,7837.7,,,
2025-12-23 12:28:27,67,98.20,214.8,7837.7,,,
2025-12-23 12:28:38,68,99.26,213.7,7837.7,,,
2025-12-23 12:28:50,68,100.16,214.4,7837.7,,,
2025-12-23 12:29:01,68,99.51,214.6,7837.7,,,
2025-12-23 12:29:13,68,103.73,214.3,7837.7,,,
2025-12-23 12:29:26,68,98.62,215.7,7837.7,,,
2025-12-23 12:29:37,69,97.16,215.9,7837.7,,,
2025-12-23 12:29:49,69,99.87,216.1,7837.7,,,
2025-12-23 12:30:00,69,101.75,215.9,7837.7,,,
2025-12-23 12:30:12,69,100.70,215.8,7837.7,,,
2025-12-23 12:30:24,69,99.46,216.4,7837.7,,,
2025-12-23 12:30:37,70,96.19,216.5,7837.7,,,
2025-12-23 12:30:48,70,100.24,216.6,7837.7,,,
2025-12-23 12:31:00,70,102.17,216.7,7837.7,,,
2025-12-23 12:31:11,70,94.64,217.2,7837.7,,,
2025-12-23 12:31:23,70,98.26,217.4,7837.7,,,
2025-12-23 12:31:35,71,96.85,217.5,7837.7,,,
2025-12-23 12:31:47,71,96.99,217.4,7837.7,,,
2025-12-23 12:31:59,71,103.86,217.8,7837.7,,,
2025-12-23 12:32:10,71,93.80,217.7,7837.7,,,
2025-12-23 12:32:22,71,94.52,218,7837.7,,,
2025-12-23 12:32:34,72,87.77,218.1,7837.7,,,
2025-12-23 12:32:47,72,96.79,218.4,7837.7,,,
2025-12-23 12:32:58,72,101.05,218.6,7837.7,,,
2025-12-23 12:33:10,72,93.29,218.7,7837.7,,,
2025-12-23 12:33:21,72,96.81,218.9,7837.7,,,
2025-12-23 12:33:33,73,86.99,219,7837.7,,,
2025-12-23 12:33:44,73,94.57,220.1,7837.7,,,
2025-12-23 12:33:57,73,99.41,219.7,7837.7,,,
2025-12-23 12:34:08,73,97.50,219.8,7837.7,,,
2025-12-23 12:34:20,73,100.03,220,7837.7,,,
2025-12-23 12:34:31,73,95.22,220.1,7837.7,,,
2025-12-23 12:34:43,74,102.26,222.3,7837.7,,,
2025-12-23 12:34:55,74,85.29,220.2,7837.7,,,
2025-12-23 12:35:07,74,99.75,219.4,7837.7,,,
2025-12-23 12:35:18,74,101.62,222.8,7837.7,,,
2025-12-23 12:35:30,74,97.52,219.8,7837.7,,,
2025-12-23 12:35:41,75,104.33,220.5,7837.7,,,
2025-12-23 12:35:53,75,95.72,220.6,7837.7,,,
2025-12-23 12:36:06,75,99.58,221.4,7837.7,,,
2025-12-23 12:36:17,75,91.92,221.7,7837.7,,,
2025-12-23 12:36:29,75,101.10,221.9,7837.7,,,
2025-12-23 12:36:40,76,100.79,221.8,7837.7,,,
2025-12-23 12:36:52,76,95.97,222.1,7837.7,,,
2025-12-23 12:37:04,76,109.92,222.3,7837.7,,,
2025-12-23 12:37:16,76,88.81,222.5,7837.7,,,
2025-12-23 12:37:27,76,102.26,222.6,7837.7,,,
2025-12-23 12:37:39,77,103.98,222.5,7837.7,,,
2025-12-23 12:37:51,77,94.63,222.7,7837.7,,,
2025-12-23 12:38:02,77,100.76,223.1,7837.7,,,
2025-12-23 12:38:15,77,91.35,223.2,7837.7,,,
2025-12-23 12:38:27,77,96.77,223.2,7837.7,,,
2025-12-23 12:38:38,78,96.06,223.4,7837.7,,,
2025-12-23 12:38:50,78,98.44,223.6,7837.7,,,
2025-12-23 12:39:01,78,104.24,225.3,7837.7,,,
2025-12-23 12:39:13,78,96.08,224.1,7837.7,,,
2025-12-23 12:39:26,78,118.88,224.5,7837.7,,,
2025-12-23 12:39:37,79,94.14,224.4,7837.7,,,
2025-12-23 12:39:49,79,96.52,224.6,7837.7,,,
2025-12-23 12:40:00,79,108.52,224.5,7837.7,,,
2025-12-23 12:40:12,79,95.43,224.7,7837.7,,,
2025-12-23 12:40:25,79,99.26,224.8,7837.7,,,
2025-12-23 12:40:37,80,88.01,225.3,7837.7,,,
2025-12-23 12:40:48,80,100.76,225.5,7837.7,,,
2025-12-23 12:41:00,80,98.77,225.4,7837.7,,,
2025-12-23 12:41:11,80,93.78,225.7,7837.7,,,
2025-12-23 12:41:23,80,100.65,225.7,7837.7,,,
2025-12-23 12:41:36,81,91.92,225.9,7837.7,,,
2025-12-23 12:41:47,81,97.91,226,7837.7,,,
2025-12-23 12:41:59,81,104.43,226.1,7837.7,,,
2025-12-23 12:42:10,81,89.52,226.6,7837.7,,,
2025-12-23 12:42:22,81,107.27,226.5,7837.7,,,
2025-12-23 12:42:35,82,99.27,226.6,7837.7,,,
2025-12-23 12:42:47,82,101.50,226.9,7837.7,,,
2025-12-23 12:42:58,82,102.82,227,7837.7,,,
2025-12-23 12:43:10,82,101.58,226.5,7837.7,,,
2025-12-23 12:43:22,82,97.44,226.7,7837.7,,,
2025-12-23 12:43:33,83,94.01,226.8,7837.7,,,
2025-12-23 12:43:46,83,99.53,227.1,7837.7,,,
2025-12-23 12:43:57,83,89.49,227.8,7837.7,,,
2025-12-23 12:44:09,83,93.69,229.3,7837.7,,,
2025-12-23 12:44:20,83,102.04,228.1,7837.7,,,
2025-12-23 12:44:32,84,82.40,228.3,7837.7,,,
2025-12-23 12:44:45,84,102.79,230.1,7837.7,,,
2025-12-23 12:44:56,84,89.95,228.8,7837.7,,,
2025-12-23 12:45:08,84,96.50,228.8,7837.7,,,
2025-12-23 12:45:19,84,101.42,227.9,7837.7,,,
2025-12-23 12:45:31,84,101.92,227.1,7837.7,,,
2025-12-23 12:45:43,85,100.29,228.8,7837.7,,,
2025-12-23 12:45:55,85,86.07,229.4,7837.7,,,
2025-12-23 12:46:07,85,105.84,229.5,7837.7,,,
2025-12-23 12:46:18,85,102.59,229.7,7837.7,,,
2025-12-23 12:46:30,85,93.96,229.3,7837.7,,,
2025-12-23 12:46:41,86,100.31,229,7837.7,,,
2025-12-23 12:46:53,86,98.36,229.2,7837.7,,,
2025-12-23 12:47:06,86,94.21,229.3,7837.7,,,
2025-12-23 12:47:17,86,100.84,229.6,7837.7,,,
2025-12-23 12:47:29,86,101.48,228.7,7837.7,,,
2025-12-23 12:47:40,87,94.41,230.1,7837.7,,,
2025-12-23 12:47:52,87,98.36,230.4,7837.7,,,
2025-12-23 12:48:05,87,106.20,230.1,7837.7,,,
2025-12-23 12:48:17,87,99.25,231.3,7837.7,,,
2025-12-23 12:48:28,87,109.21,231.6,7837.7,,,
2025-12-23 12:48:40,88,99.10,233,7837.7,,,
2025-12-23 12:48:52,88,97.55,231.7,7837.7,,,
2025-12-23 12:49:03,88,96.87,230.8,7837.7,,,
2025-12-23 12:49:16,88,94.16,232,7837.7,,,
2025-12-23 12:49:27,88,100.40,232.5,7837.7,,,
2025-12-23 12:49:39,89,88.75,232.4,7837.7,,,
2025-12-23 12:49:50,89,99.43,232.8,7837.7,,,
2025-12-23 12:50:02,89,92.45,232.8,7837.7,,,
2025-12-23 12:50:15,89,100.16,233.2,7837.7,,,
2025-12-23 12:50:27,89,108.35,233.4,7837.7,,,
2025-12-23 12:50:38,90,98.16,233.4,7837.7,,,
2025-12-23 12:50:50,90,104.27,233.3,7837.7,,,
2025-12-23 12:51:02,90,104.86,233.5,7837.7,,,
2025-12-23 12:51:13,90,99.16,233.7,7837.7,,,
2025-12-23 12:51:26,90,99.28,233.9,7837.7,,,
2025-12-23 12:51:37,91,94.84,234.3,7837.7,,,
2025-12-23 12:51:49,91,101.74,234.1,7837.7,,,
2025-12-23 12:52:01,91,108.55,234.3,7837.7,,,
2025-12-23 12:52:12,91,100.78,235.8,7837.7,,,
2025-12-23 12:52:25,91,102.83,234.6,7837.7,,,
